description,price,rooms,area,location,floor
 BATTALGAZİDE  4+1 GÜNEYBATI CEPHE  GİRİŞ FİYATINA DUBLEX,1850000.0,4,155,0,3
 Yapracık Atayurt Mahallesi Satılık 2+1 Bağımsız Mutfaklı Kat Seç...,2790000.0,2,95,2,1
 EMEKTE 2+1 YENİ LÜKS ÖN BAHÇE KATI,3750000.0,2,90,10,0
 ETİMESGUT'TA BAĞLICA 2 DE YENİ BİNADA PARK MANZARALI LÜX DAİREEE,2579000.0,3,125,2,1
 FATİH MEVLANA MAH. YILDIZ EMLAKTAN 3+1 ASANSÖRLÜ YAPILI DAİRE,1589000.0,3,125,8,0
 GATA YAKINI YÜKSEK KİRA GETİRİLİ HEM OTURMAYA HEM YATIRIMA UYGUN...,1590000.0,2,125,4,2
 UFUK KILIÇ EMLAK'TAN BAĞLARBAŞI MAHALLESİ AKTEPEDE 3+1 ORTA KAT ...,2220000.0,3,125,4,2
 UFUK KILIÇ EMLAK'TAN TEBESSÜM PİKNİK ALANI YANI 3+1 ASANSÖRLÜ FI...,2095000.0,3,125,7,4
 UFUK KILIÇ EMLAK'TAN FIRSAT PROTOKOL YOLU YAKINI 3+1 ASANSÖRLÜ 1...,2090000.0,3,125,7,1
 ▅▆▇█▓▒ HİSAR ▒▓█▇▆▅ 1+1 2+1 SEÇENEKLERİ VE ÖZEL ÖDEME İMKANI İLE,2757000.0,1,60,10,2
 KUZEY EMLAK'TAN GİYİNME ODALI FULL YAPILI 4+1 DAİRE,3850000.0,4,185,7,5
 ETİMESGUT`TA BELEDİYE YAKINI MANZARALI GÜNEŞ İÇİNDE DAİREEEEEEE,1948000.0,3,130,2,3
PUSULADAN PINARBAŞI 3+1 BAĞIMSIZ ULTRALÜX ARAKATTA FIRSAT DAİRSİ,1799000.0,3,130,8,2
SİNCAN TANDOĞAN MAH SATILIK 3+1 DAİRE BÖLGENİN EN UYGUNU ,1630000.0,3,120,8,3
 HAKAN EMLAK'TAN İSTASYON MAH.3+1 ARA KAT ÖN FULL+FULL YAPILI,1929000.0,3,135,8,1
 NATAVEGA'YA 300 M MESAFEDE MASRAFSIZ 3+1 KELEPİR DAİRE...,1400000.0,3,130,5,1
 SATILIK CADDEYE YAKIN KONUMDA MASRAFSIZ 3+1 DAİRE,2400000.0,3,130,5,1
 ETİMESGUT`TA YATIRIMA OTURUMA ARAÇ TAKASINA UYGUN YENİBİNA DAİRE,1365000.0,2,95,2,0
 SEVAL CAD.ÜZERİNDE TELEFERİK SONDURAK YÜRÜME MESAFESİNDE 3+1,2599000.0,3,140,9,2
 ETİMESGUT MERKEZ`DE HER BÜTÇEYE UYGUN 2+1 3+1 ARAKAT 0 DAİRELER!,1850000.0,2,85,2,0
UYGUN EMLAK'TAN MERKEZ' MAHALLESİN'D ASANSÖRLÜ 1.KAT 3+1 120 M²,2785000.0,3,130,7,1
ＰＵＳＵＬＡ ＥＭＬＡＫ'ＤＡＮSİTE İÇERİSİN'DE ULTRA LÜX YAPILI 4+1GENİŞ DAİRE,4000000.0,4,200,0,1
ＰＵＳＵＬＡ ＥＭＬＡＫ'ＤＡＮMERKEZİ KONUM'DA CADDEYE YAKIN2+1MASRAFSIZ DAİRE,1595000.0,2,105,0,1
 ÇOK ACCİLLLL______PAMUKLAR MAH 7/24 SAAT GÜVENLİKLİ YAPILI ASANS...,2625000.0,3,125,9,13
 ÖZÇELİK GRUPDAN AYDINLIKEVLERDE 3+1 YAPILI DAİRE,2590000.0,3,115,0,1
 NATOYOLU CADDESİ ÜZERİNDE İÇİ FULL YAPILI ULTRA LÜX 4+1 DUBLEX,2600000.0,4,200,5,0
YILDIRIM EMLAK’TAN KARAPÜRÇEK’TE CADDE ÜZERİ 3.KAT FORSAT DAİRESİ,1825000.0,3,135,0,3
2+1 SALON BAGIMSIZ KAT KONUMUNDA YÜKSEK GİRİŞ,1529000.0,2,100,8,0
Katta Manzaralı Fırsat Dairesi,2400000.0,3,130,9,1
 NATUREL EMLAK 3+1 SİTE DAİRESİ MANZARALI LÜKS YAPILI,3350000.0,3,135,4,11
 NATUREL EMLAK 3+1 MANZARALI 7. KAT YAPILI ACİLL,1675000.0,3,115,4,7
" EMEKTE YENİ LÜKS BİNADA 4+1 TERASLI ÖN DUBLEKS ""İSKANI ALINMIŞ""",8750000.0,4,170,10,0
BK GAYRİMENKULDEN Y.GİRİŞ 3+1 KELEPİR SATILIK DAİRE,1369000.0,3,120,8,0
 KOÇ-KAR GRUP GÜVENCESİ İLE PURSAKLARDA FULL YAPILI FIRSAT DAİRES...,3750000.0,4,200,7,5
 SİNCAN MALAZGİRT MAHALLESİ SATILIK 3+1 CADDE ÜZERİ DAİRE,1790000.0,3,130,8,4
SİNCAN SELÇUKLUDA SİTE İÇİ BAĞIMSIZ ÖN CEPHE KİLERLİ 3+1 DAİRE!,1769000.0,3,130,8,3
ÇAĞLAYAN'DA TIP FAKÜLTESİ CADDE YAKINI 3+1 BAĞIMSIZ FIRSAT DAİRE,1349000.0,3,120,5,1
 ADNAN KAHVECİ CAD. 1. KAT FULL YAPILI G. ODALI E. BANYOLU ASANSÖ...,3150000.0,4,145,4,1
 EFSANE'DEN BADEMLİKTE'DE KAT KONUMUNDA SATILIK DAİRE ,1500000.0,3,120,4,0
İLKADIMDAN YÜKSELTEPEDE YÜKSEK KATTA CEPHELERİ AÇIK YAPILI 4+1,4250000.0,4,185,4,8
 ALTINDAĞ FERİDUNÇELİK MAH 4 CADDE 4CÜ KAT YAKINI YAPILI SIFIR SA...,2300000.0,3,140,0,4
 PURSAKLAR MEHMET ZENGİN EMLAK'TAN 12.KAT 4+1 MERKEZDE YENİ BİNA ...,4120000.0,4,190,7,12
 PURSAKLAR MEHMET ZENGİN EMLAK'TAN SIFIR ŞIK LÜKS SİTEDE ANAHTAR ...,3600000.0,4,195,7,1
 ETLİK YOZGAT BULVARI YAKINI SİTE İÇİ FULL YAPILI LÜX 4+1 DAİRE,4750000.0,4,210,4,2
 KUPON EMLAKTAN YATIRIM FIRSATI SIFIR BİNADA CEPELERİ AÇIK 2+1 DA...,1950000.0,2,100,4,1
 NASİP EMLAK'TAN 3+1 ASANSÖRLÜ FULL YAPILI MASRAFSIZ KAÇIRILMAYAC...,2550000.0,3,135,7,1
 EŞSİZ YAPISI İLE OLAY YARATAN PROJEDE HAYALLERİNİ GERÇEKLEŞTİR,4900000.0,4,185,4,12
 Kupon Satılık 0 Masrafsız Kıredi İmkanı Yüksek Satılık Daire,2390000.0,3,120,2,1
KEÇİÖRENDE SİTE İÇİNDE MASRAFSIZ 3+1 SATILIK DAİRE,1449000.0,3,135,4,0
Asansörlü 2+1 Bahçekatı,1150000.0,2,95,8,0
" LEVENT'TEN DİKMEN CADDESİ PARALELİ ATAYOLU SOKAKTA 2+1,95M2 YÜKS...",1985000.0,2,95,10,0
 _ÜSTÜNDAĞ'DAN_M.KEMAL'DE_PARK_CEPHELİ_OKUL_DİBİ_KATTA_SIFIR_3+1_,2299000.0,3,135,8,1
MAMAK AKŞEMSEDDİN MAH. 2+1 AMERİKAN MUTFAKLI FULL YAPILI YÜKSEK B...,1440000.0,2,110,5,1
 SİNCAN ANDİÇEN MAHALLESİ SATILIK 3+1 SATILIK DAİRE ARES GAYRİMEN...,1841999.0,3,120,8,1
 SİNCAN MAREŞAL ÇAKMAK MAHALLESİ SATILIK 3+1 DAİRE ARES GAYRİMENK...,1989999.0,3,125,8,2
 YAŞAMKENT AKYILDIZ PRESTİJDE 2+1 GÜVENLİKLİ SATILIK DAİRE,3490000.0,2,85,10,7
ZIRVEKENT TOKIDE MASRAFSIZ SİTE İÇERİSİNDE 2+1,1095000.0,2,90,5,1
 NASİP EMLAK'TAN 6+2 MUHTEŞEM YAPILI 12. KATTA LOFT VİLLA!,11750000.0,6,360,7,12
FikretDeniz’den Sincanda Bu fiyataTek ,780000.0,1,70,8,2
 MEHTAP'DA OKULLAR CADDESİ ÜZERİNDE FULL YAPILI ASANSÖRLÜ 2+1 SAT...,1650000.0,2,100,5,0
 NASİP EMLAK'TAN 6+2 MUHTEŞEM YAPILI 12. KATTA LOFT VİLLA!,11750000.0,6,360,7,12
FikretDeniz’den Sincanda Bu fiyataTek ,780000.0,1,70,8,2
 MEHTAP'DA OKULLAR CADDESİ ÜZERİNDE FULL YAPILI ASANSÖRLÜ 2+1 SAT...,1650000.0,2,100,5,0
 ÜNSAL'DAN | SÜPER PROJE MEVA ŞEHİR'DE | 1.99 ORAN | 4+1 DELUX,7549000.0,4,250,2,13
 AHİMESUT MAHALLESİ 4+1 SIFIR YAPIDA ARES GAYRİMENKUL'DEN LÜKS SA...,5950000.0,4,160,2,4
 İSTASYON MAHALLESİ 2+1 SIFIR SATLIK DAİRE ARES GAYRİMENKUL' DEN,2549999.0,2,100,2,0
HAS'TAN MUSTAFA KEMAL MAH. 145 M2 3.5+1 KİLERLİ FULL YAPILI,2939000.0,3,155,8,1
SİNCAN TANDOĞAN MAH 1ARAKAT ÖN CEPHE GENİŞ MASRAFSIZ DAİRE,1159000.0,2,95,8,1
 İSTASYON MAHALLESİ 3+1 SIFIR SATILIK DAİRELER ARES GAYRİMENKUL' ...,3149999.0,3,115,2,0
 EFSANE'DEN KUŞCAĞIZDA 1.KAT O BİNA DA YAPILI SATILIK DAİRE,2149000.0,2,130,4,1
İSTASYON MAHALLESİ 3+1 SIFIR DAİRELER ARES GAYRİMENKUL' DEN,3869999.0,3,140,2,2
  2 BLOKLU SİTE İÇERİSİNDE GENİŞ MUTFAKLI HASTANEYE ULAŞIMI KOLAY,3130000.0,3,150,4,2
GENÇ BİNADA 3+1 120 M2 ASANSÖRLÜ TERASLI MANTOLAMLI BALKONLU,2690000.0,3,160,10,1
 EMEKTE YENİ LÜKS BİNADA 4+1 TERASLI ARKA DUBLEKS,8750000.0,4,170,10,4
MAMAK NATA VEGA CEPHELİ VADİ MANZARA EVLERİ SATILIK 3+1 DAİRE,3500000.0,3,145,5,4
TOPRAK EMLAKTAN ANK KEÇİÖREN YEŞİLTEPE MAHALLESINDE 3+1 DAIRE ,2190000.0,3,140,4,1
" BEŞEVLER M.F.Ç CAD 1+1 YENİ LÜKS ÖN YÜKSEK GİRİŞ "" KUPON DAİRE""",3900000.0,1,55,10,0
 YILMAZ'DAN YÜKSELEN FİYATLARA İNAT CADDE'DE İSKANLI MONTALAMALI,825000.0,2,85,5,2
" ALTINDAĞ - BEŞİKKAYA MAHALLESİNDE ASANSÖRLÜ, ARA KATTA 3+1 SATIL...",1585000.0,3,120,0,1
 SİNCAN PLEVNE'DE CADDE ÜZERİ FULL YAPILI MASRAFSIZ GÖMÜSÜZ LÜX D...,1266000.0,2,100,8,0
TOPRAK EMLAKTAN ANK KEÇİÖREN OSMANGAZİ MAHALLESİ 3+1 DAIRE,1695000.0,3,140,4,0
SİNCAN AKŞEMSETTİN MAH .ÖN 1ARAKAT EBEVEYN BANYOLU AYIN FIRSATI,1579000.0,3,120,8,1
"KOÇ'DAN; MEVLANA BULVARI PARALELİ , 4+1 , ASANSÖRLÜ , KOMBİLİ , B...",2049000.0,4,135,10,1
 İNCİRLİ MAHALLESİNDE ALTINDA İKİ KAT DAİRE 2+1 YAPILI FIRSAT DAİ...,1659000.0,2,115,4,1
 YAKACIK'TA SIFIR ULTRA LÜX KATTA 3+1 YAPILI DAİRE!!!,2499000.0,3,130,4,5
" ALTINDAĞ ALİBEY GÖBEKTE ARA KATTA,ÇİFT BALKONLU 3+1 SATILIK KUPO...",1575000.0,3,120,0,2
 ÇETİN EMLAK'TAN TANDOGAN MAH.DE ULTRA LÜKS YAPILI 3+1 1 ARA KAT ,1858000.0,3,135,8,1
CEM EMLAKTAN DEMETEVLERDE SATILIK DAIRE,1400000.0,3,130,9,1
 BAĞLUM KAFKAS MAHALLESİNDE BU FİYATA SIFIR DAİRE KALMADI !!!,1690000.0,2,110,4,0
 KAYA EMLAK TAN SARAYIN EN GÖZEL YERİNDE,3650000.0,3,165,7,5
SYM'DEN PLEVNEDE 1. ARA KATTA KAÇIRILMAYACAK FULL+ FULL YAPILI 3+...,1859000.0,3,130,8,1
 ANKARA ETİMESGUT YAPRACIK LODOS MODERN 2+1 LÜKS DAİRELER,3000000.0,2,95,2,6
 ANKARA ETİMESGUT YAPRACIK LODOS İDEAL PROJESİ 2+1 LÜKS DAİRELER,3300000.0,2,95,2,7
 ANKARA ETİMESGUT YAPRACIK LODOS MODERN 2+1 LÜKS DAİRELER,2700000.0,2,75,2,5
" KARAPÜRÇEK MAHALLESİNDE DİŞ HASTANESİ YAKININDA, ASANSÖRLÜ 2+1 S...",1024000.0,2,90,0,0
SİNCAN GAZİOSMANPAŞA MAH SİTE İÇİNDE ÖN 1.ARAKAT SATILIK DAİRE,1749000.0,3,120,8,1
 GENERAL ZEKİ DOĞAN MAHALLESİ'NDE SATILIK 2+1 BAHÇEKATI DAİRE,1300000.0,2,110,5,0
 FARABİ SOKAK'TA KÖŞE KONUMLU BAKIMLI 3+1 SATILIK FIRSAT DAİRE,4490000.0,3,120,10,3
 ATAPARK BÖLGESİNDE HERŞEY AYAĞINIZIN DİBİNDE BU DAİRE KAÇMAZ,2400000.0,3,130,4,2
SİNCAN FATİH MAH.DE 2+1 ARAKAT UYGUN KELEPİR SATILIK DAİRE,1159000.0,2,80,8,2
 ETİMESGUT SÜVARİ MAH.6+1 ULTRA LÜKS YAPILI TERASLI SATILIK DAİRE,2899000.0,6,240,2,3
 SYM GAYRİMENKUL'DEN HAFTANIN KAÇIRILMAYACAK YAPILI 2+1 UYGUN DAİ...,1266000.0,2,90,8,0
 SİNCAN PLEVNE MH FULL YAPILI CADDE ÜZERİ GÜNEY CEPHE FIRSAT DAİR...,1266000.0,2,105,8,0
SİNAN CADDESİ ÜZERİ 3+1 125 M2 2.KAT KİLERLİ LÜKS YAPILI YILIN SO...,3050000.0,3,130,10,2
 ÇANKAYA DOĞUŞ MAH.'NDE 3+1 ARA KATTA SATILIK DAİRE,2800000.0,3,110,10,3
 ▄KALE▄HAFTANIN FIRSATI! SULTAN FATİH CADDE 50M MASRAFSIZ 3+1SİTE,2369000.0,3,140,5,6
ＰＵＳＵＬＡ ＥＭＬＡＫ'ＤＡＮ MALAZGİRT CADDESİ ÜZERİNDE 3+1 GENİŞ DAİRE,2150000.0,3,125,0,1
 ZAFER ÇELİK EMLAK'TAN GENİŞ OTURUMA HAZIR 2+1 MASRAFSIZ DAİRE,1689000.0,2,105,4,0
NATA VEGA KONUTLARI EŞYALI PEYZAJ VE ŞEHİR MANZARALI DAİRE,7300000.0,3,152,5,19
SANCAK MAHALLESİ MERKEZİ KONUMDA 4+1 SATILIK DAİRE,4990000.0,4,180,10,2
"NATA VEGA KONUTLARI'NDA BAKIMLI, MASRAFSIZ 3+1 SATILIK DAİRE",5299000.0,3,160,5,0
"ÇANKAYA, KEKLİKPINARI, WATERFALL CİTY'DE SATILIK 4+1 LÜKS DAİRE",7500000.0,4,200,10,6
AYDINLIKEVLER MERKEZ'DE KATTA 3+1 SATILIK DAİRE - TANER EMLAK,2445000.0,3,105,0,1
ANKARA SİNCAN PINARBAŞI MAHALLESİ ŞOK FİYAT,1089000.0,3,125,8,0
ALTINDAĞ BAŞPINAR DA MASRAFSIZ KATTA 3+1 İSKANLI SÜPERLÜX DAİRE,1995000.0,3,140,0,1
KABİL VE LİZBON CAD YAKINI YOKUŞSUZ 3+1 130M2 KAT KONUMNDA MANTL,2690000.0,3,130,10,1
"KOÇ'DAN ; 2+1 + 2 BANYO + KİLER'Lİ , LÜX YAPILI , KOT-1'DE , ARA ...",2050000.0,2,110,10,1
"KOÇ'DAN ; ASANSÖRLÜ , 3+1, KOMBİLİ , ASANSÖRLÜ, ÇOK İYİ LOKASYOND...",2750000.0,3,125,10,2
"KOÇ'DAN ; BAHÇE ÇIKIŞLI , 2+1, S.LÜX YAPILI, SOKULLU ANA CADDE VE...",1750000.0,2,105,10,1
 YAPRACIK ODTÜ BLOKLARINDA SATILIK ARA KAT DUBLEKS 4+1 DAİRE,3200000.0,4,170,2,1
 SYM'DEN MALAZGİRT'TE ARA KATTA TASARIMIYLA DİKKAT ÇEKEN 3+1 DAİR...,2179000.0,3,130,8,2
 GÖLBAŞI KARŞIYAKA MAHALLESİNDE SATILIK 3+1 DAİRE,2850000.0,3,140,3,2
 ATATÜRK MAH DE MERKEZDE MANTOLAMALI ÖN CEPHE 3+1 DAİRE,1549000.0,3,120,8,4
 SYM GAYRİMENKUL'DEN MAREŞAL ÇAKMAK'TA 3+1 ARA KATTA YAPILI DAİRE,1885000.0,3,120,8,3
SİNCAN OSMANLI MAH 3+1 SİTE İÇİNDE BAĞIMSIZ KATTA ÖN CEPHE DAİRE,1649000.0,3,130,8,4
 SYM GAYRİMENKUL'DEN ARA KATTA BAĞIMSIZ FERAH LÜX YAPILI 3+1!!!,1875000.0,3,130,8,1
 SYM GAYRİMENKUL'DEN KATTA CADDE CEPHELİ ULTRA LÜX YAPILI 3+1!!!,1859000.0,3,130,8,4
 SYM GAYRİMENKUL'DEN ARA KATTA EBEVEYN BANYOLU ULTRA  LÜX YAPILI ...,2089000.0,3,130,8,3
 SYM GAYRİMENKUL'DEN ARA KATTA ŞIK TASARIMIYLA DİKKAT ÇEKEN 3+1!!...,2049000.0,3,130,8,2
 SYM GAYRİMENKUL'DEN BAĞIMSIZ 3+1 HAFTANIN KAÇIRILMAYACAK DAİRESİ...,1269000.0,3,120,8,0
FIRSAT!!!! FİYAT DÜŞTÜ  PURSAKLARIN GÖZBEBEĞİ SİTEDE BU FİYATA KA...,4100000.0,4,200,7,13
Ankara Çankaya Gop Satılık 3+1 Eşyalı Daire,8500000.0,3,150,10,1
Özçelik Grup Emlaktan Altındağın Parlayan Yıldızı Altınşehir TOKİ...,1975000.0,3,140,0,2
YILDIRIM EMLAK’TAN 8.CADDE’DE 5.KAT MANZARALI KUPON DAİRE,2139000.0,3,135,0,5
YCL DEN BAĞLAR CADDESİNDE SATILIK 3+1 DAİRE,2000000.0,3,110,10,3
YENİKENT 29 EKİM MAHALLESİ SATILIK OTURUMA HAZIR 4+1 DAİRELER,2100000.0,4,130,8,0
 AKŞEMSETTİN MAHALLESİNDE KATTA 3+1 YAPILI BAĞIMSIZ DAİRE,1479000.0,3,130,8,3
GOLD EMLAK'TAN  MERKEZİ LOKASYONDA SATILIK 3+1  FIRSAT DAİRE!!!!,2490000.0,3,130,4,1
 OSMANGAZİDE BÖLGESİNE GÖRE TERTEMİZ DAİRE FIRSATI!!,2449000.0,3,145,4,4
İLKADIMDAN ÇİFT MUTFAK ÇİFT BANYO KAPALI TERASLI 6+1 MANZARALI,4500000.0,6,250,9,5
İLKADIMDAN AVCILAR MAH. SİTE İÇİ TELEFERİĞE YÜRÜME MESAFESİNDE,3300000.0,3,140,9,6
ANKARA GOLBAŞI KARŞIYAKA MALLESİNDE SIFIR 1+1 DAİRE,2400000.0,1,60,3,4
2023 YILIN FIRSATI 5+1 300 M2 ÇİFT MTFKLI GENİŞ K.TERASLI O.MANZ,4299000.0,5,300,10,4
GOLD EMLAKTAN CADDE ÜSTÜ ETLİK ŞEHİR VE GÜLHANE HASTANESİ YAKINI ...,1515000.0,3,115,4,1
YILBAŞINA ÖZEL 2+1 YATIRIMA UYGUN KELEPİR SATILIK DAİRE,880000.0,2,75,8,5
GÖLBAŞI ŞAFAK MAHALLESİNDE SATILIK 3+1 YÜKSEK GİRİŞ DAİRE,2375000.0,3,110,3,0
 PLEVNE MAHALLESİNDE FULL YAPILI 3+1 SATILIK DAİRE,1785000.0,3,135,8,2
 AYDINLIKREVLER'DE LÜKS 1 YILLIK 3+1 DUBLEKS DAİRE - TANER EMLAK,5350000.0,3,138,0,3
 GOLD EMLAK'TAN SEVAL CADDESİ YAKIN SİTE İÇİ ÖNÜ AÇIK GENİŞ YAPIL...,3635000.0,3,160,9,5
BK GAYRİMENKULDEN YEŞİLOVA MAH. SATILIK ARA KAT DAİRE,2850000.0,3,140,2,2
YILBAŞINA ÖZEL 2+1 YATIRIMA UYGUN KELEPİR SATILIK DAİRE,880000.0,2,75,8,5
GÖLBAŞI ŞAFAK MAHALLESİNDE SATILIK 3+1 YÜKSEK GİRİŞ DAİRE,2375000.0,3,110,3,0
 PLEVNE MAHALLESİNDE FULL YAPILI 3+1 SATILIK DAİRE,1785000.0,3,135,8,2
 AYDINLIKREVLER'DE LÜKS 1 YILLIK 3+1 DUBLEKS DAİRE - TANER EMLAK,5350000.0,3,138,0,3
 GOLD EMLAK'TAN SEVAL CADDESİ YAKIN SİTE İÇİ ÖNÜ AÇIK GENİŞ YAPIL...,3635000.0,3,160,9,5
BK GAYRİMENKULDEN YEŞİLOVA MAH. SATILIK ARA KAT DAİRE,2850000.0,3,140,2,2
SİNCAN PLEVNE MAH ÖN CEPHE YAPILI GENİŞ 8500 TL KİRACILI DAİRE,1659000.0,3,120,8,1
ANKARA MAMAK ŞAHİNTEPE MAH ,1380000.0,3,115,5,0
 BERAT EMLAKTAN TANDOĞAN MAHALLESİNDE 3+1 FULL YAPILI FİYATI UYGU...,1629000.0,3,120,8,3
 ŞAHİNER'DEN 19 MAYIS MAH 3+1 ÖN CEPHE YAPILI DAİRE,2650000.0,3,135,4,3
 KUZEY EMLAKTAN MANZARALI TERAS BALKONLU 3+1 SATILIK DAİRE,2945000.0,3,140,0,2
TANDOĞAN MAHALLESİ  3+1 SATILIK TERS DUBLEX KAÇIRILMAYACAK FIRSAT,1250000.0,3,110,8,1
ANKARA MANZARALI SİTEDE ULTRA LÜX 5+2 DUBLEX DAİRE ,3500000.0,6,350,10,14
GOP TURGUTLU SOKAK'TA MANZARALI CEPHELERİ AÇIK KATTA 3+1 DAİRE,5500000.0,3,165,10,2
MAMAK ŞAHİNTEPE SATILIK 3+1 ARAKAT DAİRE,1750000.0,3,120,5,2
 KEÇİÖREN ESERTEPE MAH.'NDE 3+1 ASANSÖRLÜ SATILIK DAİRE,1675000.0,3,110,4,1
 ALİBEY'DEN RAGIP TÜZÜN CADDESİ YAKINI 2+1 ORTA KAT ACİL SATILIK ...,1239000.0,2,89,4,2
 NATA VEGA YAK. DOĞUKENT BULV. SİTEDE SIFIR ULTRA LÜX 3+1 DAİRE,3650000.0,3,140,5,2
YILDIRIM EMLAK’TAN MERKEZİ KONUMDA 3+1 DAİRELER ,2800000.0,3,130,5,2
 ETLİK_Merkez'de_L.Hekim_Hast_Karşısı_Full_Yapılı_Masrafsız_125m2,1729000.0,3,135,4,0
 MİLLİOĞLU İNŞAAT'TAN ANKARA KARAAĞAÇ'TA SATILIK 2+1 DAİRE,1450000.0,2,100,5,0
BİR EMLAK'TAN CEVİZLİDERE'DE KAT KONUMUNDA FUL YAPILI3+1 SATILIK,3000000.0,3,135,10,1
"KUPON"" ALTAY SOKAK'TA KAT EKSİĞİ OLAN BİNADA 2+1 70 M2 DAİRE",1550000.0,2,75,10,2
KIZILAY GMK BULVAR CADDE CEPHELİ ASANSÖRLÜ HOME&OFİSE UYGUN 3+1,2400000.0,3,110,10,5
RÜYA EMLAKTAN ŞEHİTLER METROSUNA YAKIN KATTA BAĞIMSIZ 3+1  DAİRE,2875000.0,3,120,4,1
 AKŞEMSETTİN MAH DE ARA KATTA KREDİ LİMİTSİZ ÖN CEPHE 3+1 DAİRE,1429000.0,3,120,8,3
" KIRKKONAKLAR'DA CADDE YAKINI, SIFIR, KATTA 2+1 DAİRE",3600000.0,2,90,10,3
İncekte ayrı mutfaklı 2+1 Dubleks fırsatı,3300000.0,2,120,3,0
DENİZ FENERİ PARKI YAKINI CADDEYE YAKIN 2+1 BAHÇE KATI,985000.0,2,95,0,2
YENİMAHALLE RAGIP TÜZÜN CADDESİNE 1 BİNA 6+1 300m2 2 DAİRE KONSEP...,4150000.0,6,345,9,0
ETİMESGUT YEŞİLOVA MAH 3+1 FULL YAPILI ARA KATTA 10 YILLIK BİNA,2849000.0,3,150,2,2
SİNCAN MARAŞALÇAKMAK MAH 120 M2 GENİŞ ULTRA LÜKS YAPILI DAİRE,1799000.0,3,120,8,3
 PINARBAŞI MAH DE ARA KATTA DEPREM PROJELİ ULTRA LÜX YAPILI 3+1 D...,2350000.0,3,140,8,1
GOP YAKINI YATIRIMLIK İSTEYENLERE KİRA GETİRİLİ GİRİŞ KAT 1+1,1950000.0,1,50,10,0
ÇANKAYA LİFE'DEN GOP YAKINI ARA KATLARDA SIFIR SON 3+1 DAİRELER,3990000.0,3,125,10,3
 SÜPER DEGERLİ BİR KONUMDA-HEM YATIRIMLIK HEM OTURUMLUK,3015000.0,3,120,10,2
 ERSU DAN ÖVEÇLER KABİL CADDE DE 3+1  ÇİFT BANYOLU- ASANSÖRLÜ-ARA...,4460000.0,3,145,10,2
 PINARBAŞI MAH DE ULTRA LÜKS YAPILI MERKEZİ KONUMDA 3+1 DAİRE,1969000.0,3,120,8,3
Etlik_Bağcı_Cad._Paraleli_Lüx_Yapıda_Asansörlü_Ş.manzaralı_4.5+2,2589000.0,5,245,4,3
İLKADIM'DAN TEK BLOKLU SİTE İÇİ ÖN CEPHE TERAS BALKONLU 4+1,3995000.0,4,180,4,6
İLKADIM'DAN ŞEHİTKUBİLAY'DA ARA KATTA BATI CEPHE İSKANLI 3+1,2400000.0,3,135,4,2
BAHÇELİ 1.CADDEDE 1.KAT ÖN 2+1  KOMBİLİ,2850000.0,2,95,10,1
 TUNA GAYRİMENKUL'DEN SATILIK ŞENTEPE'DE MÜSTAKİL DAİRE,3300000.0,3,150,6,0
"BİR EMLAK'TAN AKPINAR'DA 3+1 SATILIK DA,RE",2550000.0,3,120,10,1
 YENİ EVİM GAYRİMENKUL'DEN MÜKEMMEL KONUMDA SİTE İÇİNDE 4+1 SATIL...,2490000.0,4,175,0,2
ÇANKAYA AYRANCI HOŞDERE CD PARALEL 2+1 FULL YAPILI SATILIK DAİRE,3250000.0,2,110,10,1
KIZILAY NECATİBEYDE SATILIK OFİS,1800000.0,2,75,10,6
 OSMANGAZİ MAHALLESİNDE FULL YAPILI GİRİŞ KATTA EMSALSİZ DAİRE,1673000.0,3,135,4,0
 KEÇİÖRENDE FULL YAPILI 3+1 KÖŞEBAŞI FULL YAPILI MASRAFSIZ,1850000.0,3,135,4,3
Yaşam Kule'de FIRSAT net 60 M2 1+1 Güney Cephe Kapalı Otoparklı,3695000.0,1,70,10,18
 EMPA AYDINLIKEVLER'DEN SUBAY EVLERİ KÖKNAR SOK SATILIK YÜKSEK Gİ...,1750000.0,2,95,4,0
EMAKS'TAN/CEVİZLİDERE CAD.ÜZERİ/ANKARA MANZARALI/FIRSAT 3+1,2850000.0,3,105,10,3
MAMAK MUTLU’DA 3+1 2.KATTA ASANSÖRLÜ FULL YAPILI KÖŞEBAŞI ÖNÜ AÇI...,1790000.0,3,115,5,2
" ANKALİFEDEN""BAGLUM HİSAR MAHALELSİNDE 3+1 ",1750000.0,3,120,4,2
 ERSU DAN YENİMAHALLE METRO TELEFERİK İLK DURAĞINDA KATTA DUBLEKS...,2550000.0,2,90,9,2
 ŞAHİNER'DEN TEPEBAŞI MAH 2+1 ÖN CEPHE NORMAL YAPILI DAİRE,1580000.0,2,110,4,0
 SAMSUN YOLUNA CEPHE YATIRIMLIK KENTSEL DÖNÜŞÜME UYGUN 3+1 DAİRE,1440000.0,3,135,0,1
PUSULADAN PINARBAŞINDA 2+1FULL YAPILI YGİRİŞ ÖN CEPHE 7 YILLIK,1329000.0,2,105,8,0
 ETİMESGUT AYYILDIZ MAH. 3+1 FULL YAPILI S.İÇİ SATILIK DAİRELER,4399000.0,3,160,2,3
 ŞAHİNER'DEN TEPEBAŞI MAH 3+1 ARKA CEPHE BAHÇE KATI NORMAL YAPILI...,1299000.0,3,110,4,1
IŞIL EMLAKTAN PALMIYE EVLERINDE 3+1 FULL ACIL SATILIK DAIRE,2650000.0,3,145,9,0
 YUCE EMLAK TAN  SATILIK   3+1  DAİRE,1450000.0,3,106,10,1
 ETİMESGUT ALSANCAK MAH. YÜKSEK GİRİŞ SATILIK 2+1 DAİRE ,1449000.0,2,95,2,0
YCL DEN ZAFERTEPE DE SATILIK 3+1 TERS DUBLEKS,2200000.0,3,135,10,0
"KEÇİÖRENDE 5+1 İSKANLI0,99 KREDİ İMKANIYLA 0,99 DUBLEKS DAİRE",2799000.0,5,350,4,5
 YENİMAHALLE IŞINLARDA YENİ BİNADA 3+1 ULTRA LÜX SATILIK DUBLEX,4230000.0,3,160,9,3
 YUNUS EMRE CAD. DANIŞMENT GÖBEK YAKINI 2+1 KAT KONUMLU BALKONLU,1200000.0,2,115,4,1
SİNCAN PINARBAŞI MAH 3+1 ARA KATTA ÖN CEPHE  BAĞIMSIZ DAİRE,1919000.0,3,120,8,2
 ANKARA İNCİRLİDE BAĞIMSIZ LÜKS YAPILI CADDE ÜZERİ KOMŞUDAN,2649000.0,3,135,4,2
 ꧁꧂EMRE EMLAKTAN꧁꧂PLEVNE'DE FULL+FULL YAPILI ARAKATTA 3+1 SATILIK...,1859000.0,3,110,8,2
 SR EMLAK'TAN SİNCAN SARAYCIK TOKİ' DE 3+1 135m² ARA KATTA ASANSÖ...,2900000.0,3,140,8,1
" LEVENT'TEN ÇETİNEMEÇ- HAKİMEVİ YAKINI 4+1,130M2 AMERİKAN MUTFAK ...",2890000.0,4,130,10,2
SİNCAN ATATÜRK MAH 4+1  MASRAFSIZ GENİŞ KATTA ÖN CEPHE DAİRE,1919000.0,4,150,8,3
" LEVENT'TEN DİKMEN VADİSİ - İLKER CADDE YAKINI 3+1,120M2 KATTA ÖN...",3190000.0,3,120,10,2
" NEXUS'DAN YEŞİLOVA'DA SATILIK 3+1 ASANSÖRLÜ, SIFIR, SÜPER LÜKS D...",2650000.0,3,110,2,0
 MARQA'DAN ETLİK MERKEZİ KONUMDA BAĞIMSIZ ULTRA LÜX YAPILI 3+1 !!,3450000.0,3,130,4,1
 BAHÇELİEVLERDE MİLLİ KÜTÜPHANEYE YAKIN   2+1 2.KATTA ,2900000.0,2,100,10,2
 ꧁꧂EMRE EMLAKTAN꧁꧂MAREŞALÇAKMAK'TA ANA CADDE ÜZERİ YAPILI 3+1 SAT...,1700000.0,3,130,8,4
 Ayvalı Kardeşlerde Katta Tek Daire Yapılı 4+1,3950000.0,4,200,4,2
 NEXUS'DAN AYYILDIZ'DA SATILIK 3+1 DAİRE!,2575000.0,3,110,2,4
 SR EMLAKTAN SİNCAN ATATÜRK MAH'DE 2+1 100m² KATTA BAĞIMSIZ ASANS...,1895000.0,2,110,8,4
 SR EMLAK'TAN SİNCAN ATATÜRK MAH'DE 3+1 120 m² ARA KATTA MANTOLAM...,1559000.0,3,125,8,2
" LEVENT'TEN PANORA AVM-TRT YAKINI SİTE İÇERİSİNDE 3+1,128M2 ARA K...",3300000.0,3,128,10,6
 ÇANKAYA ALACAATLI'DA MERKEZİ KONUMDA GENİŞ ÖNÜ AÇIK 4+1 FIRSAT D...,6350000.0,4,210,10,5
 YILMAZ GAYRİMENKULDEN KACIRILMAYACAK 3+1 FIRSAT DAİRESİ         ...,1299000.0,3,130,8,0
 CİHAN DAN KARAKEÇİLİ CADDESİ OKULLAR BÖLGESİ SIFIR KATTA DAİRE,2580000.0,3,135,4,3
 YILMAZ GAYRİMENKULDEN KACIRILMAYACAK 3+1 FIRSAT DAİRESİ         ...,1848000.0,3,130,8,2
POLATLI KARTALTEPE ALIŞVERİŞ VE YAŞAM MERKEZİNDE SATILIK DAİRE,2249000.0,3,161,6,12
Ş.G GAYRİMENKUL'DEN ŞEHİTLİK KAŞINDA 4+1 SATILIK DAİRE,2520000.0,4,180,6,2
Ş.G GAYRİMENKUL'DEN ŞEHİTLİK MAH 3+1 SATILIK DAİRE,1550000.0,3,150,6,5
Ş.G GAYRİMENKUL'DEN ŞEHİTLİK MAH 3+1 SATILIK DAİRE,1550000.0,3,150,6,5
MEV ANKARA'DAN ALTIAĞAÇ TOKİ'DE 2+1 DAİRE,1150000.0,2,80,5,0
 YILMAZ GAYRİMENKULDEN KACIRILMAYACAK 3+1 FIRSAT DAİRESİ         ...,1548000.0,3,130,8,3
GOLD TAN YOZGAT BUL KENARI SİTE İÇİ TAKASA UYGUN ACİL 4+1 DAİRE_,5500000.0,4,215,4,6
ETLİK BAĞCI CAD ÜZERİ BAĞIMSIZ GENİŞ UYGUN FİYATA ACİL 3+1 DAİRE,1545000.0,3,135,4,0
▆▇█▓ZİRVE▓█▇▆1080 CADDE ÜZERİ ORMAN MANZARALI FUL+FUL 3+1 DAİRE,2279000.0,3,135,5,3
▆▇█▓ZİRVE▓█▇▆YILIN FIRSATI DOĞUKENT CAD YANI G.BATI 3+1MASRAFSIZ,2049000.0,3,135,5,3
▆▇█▓ZİRVE▓█▇▆FIRSATT AKŞEMSETTİN MAH ARA KAT MASRAFSIZ 2+1 DAİRE,1571000.0,2,115,5,1
ANKARA EMLAK'TAN AŞIKPAŞA'DA SABAH SOKAKTA SATILIK DAİRE,2200000.0,2,85,10,0
ÇINAR'DAN MUSTAFA KEMAL MAHALLESİNDE UYGUN SIFIR DAİRE,2900000.0,3,145,8,4
ÇINAR'DAN MUSTAFA KEMAL MAHALLESİNDE UYGUN SIFIR DAİRE,2690000.0,3,137,8,1
BARUT EMLAK'tan HASTANE YAKINI TERAS BALKONLU 4+1 SİTE DAİRESİ,3750000.0,4,190,7,1
BARUT'tan KAPALI OTOPARKLI LÜKS DİZAYN ULTRA LÜKS SİTE DAİRESİ,3990000.0,4,200,7,1
BARUT'TAN LÜKS DİZAYN E. BANYOLU ASANSÖR 4+1 SIFIR ARA KAT DAİRE,3750000.0,4,150,7,2
ALTINDAĞ FERİDUNÇELİK MAH 4 CADDE 4CÜ KAT YAKINI YAPILI SIFIR SAT...,2300000.0,3,145,0,4
ÇOK ACİL'DE HİSAR MH KATTA ASANSÖRLÜ FULL+FULL YAPILI ARAKAT 3+1,2199000.0,3,125,4,2
KABİL CD 3+1 BAĞIMSIZ YALITIMLI İYİ PARTİ YANI OFİSE KONUTA,2980000.0,3,135,10,3
ÖVEÇLER 1059 CD 3+1 BALKONLU KOT 1,2100000.0,3,130,10,1
KEKLİKPINAR'DA ŞEHİR MANZARALI TERASLI 3+1 SATILIK DAİRE,3000000.0,3,115,10,3
ETİMESGUT İSTASYON CAD. ÜZERİ MANZARALI 2+1 SATILIK SIFIR DAİRE,3400000.0,2,91,2,2
ELİTTEN 4+1 ÜMİTKÖY GORDİON METROYANI BÖLGENİN EN BÜYÜK DAİRESİ,9400000.0,4,250,10,9
"MUSTAFA KEMAL MAHALLESİ , SATILIK LÜKS 3+1 DAİRE",2750000.0,3,150,8,2
"FEVZİ ÇAKMAK MAHALLESİNDE ,SİTE İÇESİNDE EŞYALI LÜKS 4+1 DAİRE",3950000.0,4,178,8,5
AHİMESUD'DA_4+1_SÜPER_LÜX_K.OTOPARKLI_KİLERLİ_ÇİFT_ASANSÖRLÜ,5999000.0,4,170,2,7
HİLAL'DEN KARAPÜRÇEKTE 3+1 CADDE ÜZERİNDE ÖN CEPHE DAİRE,1735000.0,3,135,0,1
HİLAL'DEN KARAPÜRÇEKTE 3+1 ÖN CEPHE MASRAFSIZ DAİRE,2000000.0,3,135,0,3
ÖYKÜMDEN BAĞLUMDA TAMAMINA KREDİLİ 3+1 SÜPER LÜX SIFIR DAİRE!!!!,2385000.0,3,140,4,4
ÖYKÜMDEN BADEMLİKTE KATTA FULL YAPILI 3+1 BALKONLU MASRAFSIZ!!!,2390000.0,3,125,4,1
 RÜYA EMLAKTAN YEŞİLTEPE MH 2+1 DAİRE ,1188000.0,2,90,4,1
RÜYA EMLAKTAN BAĞLAR BAŞI MH GİRİŞ KATTA 2+1 DAİRE ,1190000.0,2,95,4,0
 MARQA'DAN ETLİK MERKEZİ KONUMDA BAĞIMSIZ ULTRA LÜX YAPILI 3+1 !!,3450000.0,3,130,4,1
 ATAPARK MAHALLESİNDE KAÇIRILMAYACAK FIRSATTA ARA KAT GENİŞ 3+1 D...,2749000.0,3,145,4,2
 BAHÇELİEVLERDE MİLLİ KÜTÜPHANEYE YAKIN   2+1 2.KATTA ,2900000.0,2,100,10,2
 ꧁꧂EMRE EMLAKTAN꧁꧂MAREŞALÇAKMAK'TA ANA CADDE ÜZERİ YAPILI 3+1 SAT...,1700000.0,3,130,8,4
 Ayvalı Kardeşlerde Katta Tek Daire Yapılı 4+1,3950000.0,4,200,4,2
 NEXUS'DAN AYYILDIZ'DA SATILIK 3+1 DAİRE!,2575000.0,3,110,2,4
 ÇANKAYA ALACAATLI'DA MERKEZİ KONUMDA GENİŞ ÖNÜ AÇIK 4+1 FIRSAT D...,6350000.0,4,210,10,5
 YILMAZ GAYRİMENKULDEN KACIRILMAYACAK 3+1 FIRSAT DAİRESİ         ...,1299000.0,3,130,8,0
 CİHAN DAN KARAKEÇİLİ CADDESİ OKULLAR BÖLGESİ SIFIR KATTA DAİRE,2580000.0,3,135,4,3
 YILMAZ GAYRİMENKULDEN KACIRILMAYACAK 3+1 FIRSAT DAİRESİ         ...,1848000.0,3,130,8,2
POLATLI KARTALTEPE ALIŞVERİŞ VE YAŞAM MERKEZİNDE SATILIK DAİRE,2249000.0,3,161,6,12
Ş.G GAYRİMENKUL'DEN ŞEHİTLİK KAŞINDA 4+1 SATILIK DAİRE,2520000.0,4,180,6,2
Ş.G GAYRİMENKUL'DEN ŞEHİTLİK MAH 3+1 SATILIK DAİRE,1550000.0,3,150,6,5
MEV ANKARA'DAN ALTIAĞAÇ TOKİ'DE 2+1 DAİRE,1150000.0,2,80,5,0
 YILMAZ GAYRİMENKULDEN KACIRILMAYACAK 3+1 FIRSAT DAİRESİ         ...,1548000.0,3,130,8,3
GOLD TAN YOZGAT BUL KENARI SİTE İÇİ TAKASA UYGUN ACİL 4+1 DAİRE_,5500000.0,4,215,4,6
ETLİK BAĞCI CAD ÜZERİ BAĞIMSIZ GENİŞ UYGUN FİYATA ACİL 3+1 DAİRE,1545000.0,3,135,4,0
▆▇█▓ ZİRVE ▓█▇▆DOĞUKENT CADDESİ YANI MASRAFSIZ 3+1 Y.GİRİŞ DAİRE,1864000.0,3,135,5,0
▆▇█▓ZİRVE▓█▇▆1080 CADDE ÜZERİ ORMAN MANZARALI FUL+FUL 3+1 DAİRE,2279000.0,3,135,5,3
▆▇█▓ZİRVE▓█▇▆YILIN FIRSATI DOĞUKENT CAD YANI G.BATI 3+1MASRAFSIZ,2049000.0,3,135,5,3
ANKARA EMLAK'TAN AŞIKPAŞA'DA SABAH SOKAKTA SATILIK DAİRE,2200000.0,2,85,10,0
ÇINAR'DAN MUSTAFA KEMAL MAHALLESİNDE UYGUN SIFIR DAİRE,2900000.0,3,145,8,4
ÇINAR'DAN MUSTAFA KEMAL MAHALLESİNDE UYGUN SIFIR DAİRE,2690000.0,3,137,8,1
BARUT EMLAK'tan HASTANE YAKINI TERAS BALKONLU 4+1 SİTE DAİRESİ,3750000.0,4,190,7,1
BARUT'tan KAPALI OTOPARKLI LÜKS DİZAYN ULTRA LÜKS SİTE DAİRESİ,3990000.0,4,200,7,1
BARUT'TAN LÜKS DİZAYN E. BANYOLU ASANSÖR 4+1 SIFIR ARA KAT DAİRE,3750000.0,4,150,7,2
ALTINDAĞ FERİDUNÇELİK MAH 4 CADDE 4CÜ KAT YAKINI YAPILI SIFIR SAT...,2300000.0,3,145,0,4
ÇOK ACİL'DE HİSAR MH KATTA ASANSÖRLÜ FULL+FULL YAPILI ARAKAT 3+1,2199000.0,3,125,4,2
KABİL CD 3+1 BAĞIMSIZ YALITIMLI İYİ PARTİ YANI OFİSE KONUTA,2980000.0,3,135,10,3
ÖVEÇLER 1059 CD 3+1 BALKONLU KOT 1,2100000.0,3,130,10,1
HİLAL'DEN KARAPÜRÇEKTE 3+1 CADDE ÜZERİNDE ÖN CEPHE DAİRE,1735000.0,3,135,0,1
HİLAL'DEN KARAPÜRÇEKTE 3+1 ÖN CEPHE MASRAFSIZ DAİRE,2000000.0,3,135,0,3
ÖYKÜMDEN BAĞLUMDA TAMAMINA KREDİLİ 3+1 SÜPER LÜX SIFIR DAİRE!!!!,2385000.0,3,140,4,4
ÖYKÜMDEN BADEMLİKTE KATTA FULL YAPILI 3+1 BALKONLU MASRAFSIZ!!!,2390000.0,3,125,4,1
 RÜYA EMLAKTAN YEŞİLTEPE MH 2+1 DAİRE ,1188000.0,2,90,4,1
RÜYA EMLAKTAN BAĞLAR BAŞI MH GİRİŞ KATTA 2+1 DAİRE ,1190000.0,2,95,4,0
AYRANCI TİREBOLU SOKAK 2.KATTA 3+1 ASANSÖRLÜ OTOPARKLI KOMBİLİ,3650000.0,3,125,10,2
"TURAN GÜNEŞ BULV.YAKINI,HOLLANDA ELÇİLİĞİ YAKINI,2,5+1,110 M2,KOM...",2650000.0,2,110,10,1
ASANSÖRLÜ SIFIR EBEVEYN BANYOLU 3+1 KATTA SATILIK DAİRE,3200000.0,3,130,2,3
ERYAMAN EREN GAYRİMENKUL DEN 3ETAP MERKEZDE ARAKAT EŞYALI 1+1,1680000.0,1,52,2,2
BOZKIR'DAN İKİ BLOKLU GÜVENLİKLİ GENİŞ KULLANIŞLI SİTEDE SATILIK ...,3649000.0,3,150,4,9
KARAPÜRÇEKTE YEŞİL VADİ KONUTLARINDA SİTE İÇERİSİ 10. KAT DAİRE,3930000.0,3,160,0,10
 ▄KALE▄EŞSİZ YAPI SÜPER KONUM! ŞEHİTLER CADDE YANI ULTRA LÜKS 3+1...,2879000.0,3,145,5,2
 YILMAZ GAYRİMENKULDEN KACIRILMAYACAK 3+1 FIRSAT DAİRESİ         ...,1948000.0,3,130,8,2
ACİLL YAPRACIK TOKİLERDE SATILIK 2+1 DAİRELER,3400000.0,2,104,2,7
 Saimekadında full yapılı satılık daire,1750000.0,3,115,5,1
 TUZLUÇAYIRDA ISI YALITIMLI İSKANLI SATILIK DAİRE,1150000.0,2,85,5,0
  YILMAZ GAYRİMENKULDEN KACIRILMAYACAK  3+1 ACIL FIRSAT DAIRESİ  ...,1889000.0,3,130,8,0
 ÜNSAL'DAN | PİYADE-GİMSA YAKINI | 3.KAT 3+1 | FUL | İSKANL,2499000.0,3,125,2,3
ACİL SATILIK SİMGE ŞEHİR 2 ,2610000.0,3,115,2,10
SİNCAN MAREŞAL ÇAKMAK MAH 3+1 ARA KATTA ULTRA LÜKS YAPILI DAİRE,2250000.0,3,130,8,2
 DEMİRLİBAHÇE'DE TREN İSTASYONU YAKINI 3+1 KATTA EŞYALI SATILIK D...,1550000.0,3,100,5,3
 SİNCAN PLEVNE MAHALLESİNDE 3+1 BAĞIMSIZ ARA KATTA SATILIK KUPON ...,1495000.0,3,115,8,1
ETLİK ŞEHİR HASTANE YAKINI FUL YAPILI KATTA ASANSÖRLÜ GENİŞ 3+1 D...,2999000.0,3,140,9,6
 SİNCAN MAREŞAL ÇAKMAK MAHALLESİNDE 3+1 ÇİFT BALKONLU MERKEZE YAK...,1460000.0,3,110,8,5
 KARAPÜRÇEK MAHALLESİ 3+1 YÜKSEK GİRİŞ MANTOLAMALI MASRAFSIZ SATL...,1900000.0,3,140,0,0
SİNCAN MAREŞAL ÇAKMAK MAHALLESİNDE YAPILI 3+1 MERKEZİ KONUMDA SAT...,1585000.0,3,110,8,0
SİNCAN SARAYCIK MAH 4+1 BAĞIMSIZ KATTA ÖN CEPHE ULTRA LÜKS DAİRE,3950000.0,4,180,8,9
YATIRIMLIK FIRSAT DAİRE ABİDİNPAŞA MERKEZİ 2.KAT 2+1 DAİRE,1500000.0,2,75,5,2
 FIRSAT | ALSANCAK-BAĞLICA YAKINI | SIFIR ASANSÖRLÜ 2+1 ÇİFT BANY...,3499000.0,2,100,2,2
 SİNCAN PLEVNE MAHALLESİNDE 3+1 BAĞIMSIZ ARA KATTA SATILIK KUPON ...,1495000.0,3,115,8,1
ETLİK ŞEHİR HASTANE YAKINI FUL YAPILI KATTA ASANSÖRLÜ GENİŞ 3+1 D...,2999000.0,3,140,9,6
 SİNCAN MAREŞAL ÇAKMAK MAHALLESİNDE 3+1 ÇİFT BALKONLU MERKEZE YAK...,1460000.0,3,110,8,5
 KARAPÜRÇEK MAHALLESİ 3+1 YÜKSEK GİRİŞ MANTOLAMALI MASRAFSIZ SATL...,1900000.0,3,140,0,0
SİNCAN MAREŞAL ÇAKMAK MAHALLESİNDE YAPILI 3+1 MERKEZİ KONUMDA SAT...,1585000.0,3,110,8,0
SİNCAN SARAYCIK MAH 4+1 BAĞIMSIZ KATTA ÖN CEPHE ULTRA LÜKS DAİRE,3950000.0,4,180,8,9
YATIRIMLIK FIRSAT DAİRE ABİDİNPAŞA MERKEZİ 2.KAT 2+1 DAİRE,1500000.0,2,75,5,2
 FIRSAT | ALSANCAK-BAĞLICA YAKINI | SIFIR ASANSÖRLÜ 2+1 ÇİFT BANY...,3499000.0,2,100,2,2
ETİMESGUT K.KARABEKİR MAH.DE SATILIK 2+1 YÜKSEK GİRİŞ,1580000.0,2,110,2,0
ETİMESGUT İSTASYON MAH.DE FULL YAPILI SATILIK 3+1,1639000.0,3,120,2,0
 TD EMLAKTAN TANDOĞAN MAHALLESİNDE ACİL SATILIK 3+1 ARAKAT SATILI...,1859000.0,3,120,8,1
 LEVENT'TEN DİKMEN VADİSİ 4.ETAP CEPHELİ 3+1 BAHÇE KATI BAHÇE ÇIK...,1800000.0,3,105,10,2
MÜHYE VADİ KONUTLARINDA VADİ CEPHELİ MUHTEŞEM 3+1,5100000.0,3,120,10,15
BAŞKENT DÖNÜŞÜM EMLAKTAN MÜHYE VADİ KONUTLARINDA KUPON DAİRE,4450000.0,3,120,10,1
BAŞKENT DÖNÜŞÜM EMLAKTAN MÜHYE VADİ KONUTLARINDA FIRSAT DAİRE!!!,4750000.0,3,120,10,5
 SR EMLAK'TAN ANDİÇEN MAH'DE 3+1 120m² ÖN CEPHE KATTA ULAŞIMA YAK...,2030000.0,3,125,8,3
 TD EMLAKTAN MAREŞAL ÇAKMAK'TA ACİL SATILIK 3+1 ARAKAT SATILIK DA...,1959000.0,3,120,8,2
 SERDAR EMLKA TAN 5 + 1 GİYİNME ODALI ÇİFT BANYOLU YAPILI 3 KATLI...,5200000.0,5,335,7,0
 KEÇİÖRENDE 4+1ASANSÖRLÜ İSKANLI MASRAFSIZ EBEVEYN BANYOLU SATILI,2890000.0,4,165,4,1
SİNCAN TANDOĞAN MH 6+2 BAĞIMSIZ ÖN CEPHE TEK TAPU ÇİFT DAİRE,3799000.0,6,280,8,3
 PURSAKLAR MEHMET ZENGİN EMLAK'TAN SIFIR ASANSÖRLÜ 2+1 GİRİŞ KAT ...,2000000.0,2,120,7,0
 SR EMLAK'TAN SİNCAN AHİEVRAN MAH'DE 3+1 115m² BAĞIMSIZ KATTA ÖN ...,2050000.0,3,135,8,3
 SR EMLAK'TAN SİNCAN MAREŞAL ÇAKMAK MAH'DE 2+1 110m² ÖN CEPHE BAĞ...,1600000.0,2,115,8,0
"SİNCAN PINARBAŞI MH 3+2 FUL YAPILI ÇİFT MUTFAK,BANYO KATTA DAİRE",2579000.0,3,220,8,2
 ORAK İNŞAAT EMLAK'TAN YEŞİLABYIRDA KAT KONUMUNDA ASANSÖRLÜ 3+1 D,1480000.0,3,110,5,1
 SIFIR SİTE KONSEPTİNDE-İSKANLI-K.OTOPARK-ETLİK Ş.HAST ULAŞIM KLY,2849000.0,2,105,4,2
 ORAK İNŞAAT EMLAK'TAN 2KAT KONUMUNDA MASRAFSIZ SÜPER GENİŞ DAİRE,1700000.0,3,130,5,2
 BAĞLICA HİLAL PARK KONUTLARINDA CADDE ÜZERİNDE 4+1 EBEVEYN BANYO...,3900000.0,4,155,2,0
 FIRSAT | ELVAN-ALTUNBİLEKLER MARKET YAKINI | 2+1 | FUL+FUL,1399000.0,2,85,2,0
CEM EMLAKTAN YUKSELTEPEDE SATILIK DAIRE,2300000.0,3,140,4,1
 SAİMEKADIN GÖBEK YAKININDA FULL YAPILI BAĞIMSIZ SALON BALKONLU 3...,1625000.0,3,115,5,0
 19 MAYIS'TA YUNUS EMRE CADDESİ YAKININDA 2+1 MASRAFSIZ SATILIK D...,1325000.0,2,100,4,1
FARABİ SOKAK'TA KÖŞE KONUMLU BAKIMLI 3+1 SATILIK FIRSAT DAİRE,4750000.0,3,120,10,3
_YETİMOĞLUNDAN_YENİ BİNADA MERKEZİ KONUM {ARAKAT} 3+1,2650000.0,3,135,9,2
-EMSALİ YOK- STA TOWERS DA KAÇMAZ 4+1 FIRSAT DAİRESİ !,3395000.0,4,200,4,0
 TD EMLAKTAN ACİL SATILIK İÇİ YENİLENMİŞ 3+1 1.KAT SATILIK DAİRE,1859000.0,3,120,8,1
ANKARA ALTINDAĞ KUZEY ANKARA TOKİDE 4+1//135m2 GİRİŞ,1775000.0,4,145,0,0
ANKARA SİNCAN MARAŞAL ÇAKMAK MAH ANKARA CADDESİ 3+1 KATTA SATILIK...,1595000.0,3,120,8,0
ÇALDIRAN MAHALLESİNDE KATTA 3+1 YAPILI MASRAFSIZ DAİRE,1850000.0,3,130,4,3
 NEXUS'DAN OĞUZLAR MAHALLESİNDE SATILIK FULL YAPILI 3+1 DAİRE!,2730000.0,3,123,2,3
TOPRAK EMLAKTAN ANK KEÇİÖREN BADEMLIK MAH DE 3+1 DAIRE,2150000.0,3,135,4,1
AŞAĞI EĞLENCEDE GATA HASTANESİ KARŞISI YÜKSEK KİRA GETİRİLİ FULL+...,1590000.0,2,100,4,2
YONCA EMLAK EGE MAH. HAVUZLU SİTEDE 3+1 ACİL SATILIK DAİRE,4000000.0,3,145,5,7
 SATILIK DAİRE ,2150000.0,3,120,5,2
 MAMAK CADDE ÜZERİNDE ÖN CEPHEDE BAKIMLI YÜKSEK KİRA GETİRİLİ 3+1...,1950000.0,3,110,5,3
 NEXUS'DAN AYYILDIZ'DA SATILIK GENİŞ 3+1 DAİRE!,2800000.0,3,155,2,0
 3+1 SİTE İÇİ GÜVENLİKLİ ÇOCUK OYUN ALANLI ŞEHİR HASTANESİ YAKINI,2625000.0,3,138,4,13
 ACİLLL SATILIK PURSAKLAR 5 YOLA YAKIN İŞYERİ OLARAKDA KULLANILAB...,1650000.0,3,125,7,3
YENİKENT FEVZİ ÇAKMAK DA ARA KATTA KÖŞE BAŞI 3+1 SIFIR DAİRE ,2350000.0,3,135,8,2
 İnönü Yargı1'de Ferah 3+1 Daire,3650000.0,3,135,9,2
 ANKARA KALESİ MANZARALI SİTE İÇERİSİNDE 3+1 YAPILI DAİRE,2350000.0,3,120,0,5
 Yenimahalle Merkezde İçi Yapılı Satılık Daire,2500000.0,2,90,9,3
 SATILIK LÜX DAİRE,3300000.0,3,150,5,4
" LEVENT'TEN ÇETİNEMEÇ BULVARI-HAKİMEVİ-POLİSEVİ YAKINI 3+1,120M2 ...",2800000.0,3,120,10,2
 ETLİK SANCAKTEPEDE 2 KAT GÜNEY 3+1 DAİRE,2950000.0,3,130,4,2
 AYVALI'DA CADDE ÜZERİ PARK MANZARALI ÇİFT ASANSÖRLÜ & SIFIR 4+1,3199000.0,4,180,4,4
 GATA YAKINI 3+1 BAĞİMSIZ 2 KATTA ,2600000.0,3,130,4,2
YONCA EMLAK DURALİ ALIÇ MAH. 3+1 SATILIK FULL YAPILI DAİRE ,3100000.0,3,165,5,1
 VİP CLASS'TAN ETLİK MERKEZDE OSMANLI İŞ MERKEZİ YÜRÜME MESAFESİN...,3450000.0,3,110,4,3
 ▄█ELİT EMLAK'TAN█▄ ACİL!!! 1.KATTA 3+1 SIFIR FIRSAT DAİRESİ,1600000.0,3,130,5,1
AŞAĞI AĞLENCEYE YAKKN 4+1 MANZARALI DUBLEX,2499000.0,4,200,4,0
MAREŞAL CAKMAK MAH.3+1 ARAKATTA UYGUN FIYATLI DAIREMIZ !,1635000.0,3,120,8,3
UMUT EVİM EMLAKTAN YAPILI İSKANLI SIFIR 3+1 DAİRE KATTA,2700000.0,3,145,4,4
 ULUKAN'DAN PLEVNE MAH'DE 3+1 ARA KATTA BAĞIMSIZ ASANSÖRLÜ DAİRE,1885000.0,3,120,8,1
"HISAR'DA MASRAFSIZ TAM YATIRIMLIK NET 140 M2 3+1 DAİRE,,",2490000.0,3,140,4,2
 AŞAĞIEĞLENCE GÖBEĞE YAKIN YILIN SON FIRSAT DAİRESİ 3+1 MASRAFSIZ...,1950000.0,3,130,4,3
 OSMANLI İŞ MERKEZİ YAKINI ARA KATTA BAĞIMSIZ MASRAFSIZ 2+1 DAİRE,1750000.0,2,100,4,0
 2023'ÜN SON FIRSAT DAİRESİ[İMZA]'DAN KUŞCAĞIZ'DA KATTA 3+1DAİRE!,1789000.0,3,130,4,3
 ETLİK AYVALI'DA YENİ BİNADA GİRİŞ KAT FULL+FULL YAPILI KAÇMAZ 2+...,1790000.0,2,90,4,0
SATLKK DAİRE ETİMESGUT  ETİLER MAH ,3749000.0,3,145,2,2
" ▄█ELİT EMLAK'TAN█▄ OKULLAR,CADDE DİBİ ASANSÖR,MONTALAMALI SIFIR ...",1275000.0,2,110,5,2
 ▃▅▆▇BİRİKİM'DEN▇▆▅▃HOCALI CADDE YAKINI ARA KATTA 3+1 KELEPİR DAİ...,1650000.0,3,110,5,2
 SATILIK FAHRİKORUTÜRKT MAHALLESİNDE GENİŞ FERAH MASRAFSIZ 4+1 DU...,2450000.0,4,270,5,0
ETİMESGUT SÜVARİ MAH. YAPILI ÖN CEPHE 3+1 ACİL SATILIK,2229000.0,3,125,2,3
 *** 29 MAYIS HASTAHANE YANI YAPILI 3+1 SATILIK DAİRE ***,4650000.0,3,140,10,1
" LEVENT'TEN SOKULLU CADDESİ YAKINI 3+1,125M2 BAĞIMSIZ SALON ARA K...",3450000.0,3,125,10,1
 ANTARES AVM YILDIRIM BEYAZIT. ÜNİ. YAKINI KATTA 2+1 BAĞIMSIZ,1750000.0,2,115,4,1
 RELAX'TAN ETLİK AŞAĞI EĞLENCE'DE 1.KAT 3+1 İSKANLI MANTOLU DAİRE,2049000.0,3,120,4,1
 SANCAKTEPE MAHALLESİNDE SARIKAMIŞ CADDE ÜZERİ KATTA ÖNÜ AÇIK SAT...,2390000.0,3,130,4,1
 ꧁꧂EMRE EMLAKTAN꧁꧂30 AĞUSTOS'TA FULL+FULL YAPILI ARAKATTA 3+1 SAT...,2349000.0,3,140,2,1
 RELAX'TAN AYVALI MERKEZDE İSKANLI FULL YAPILI 3+1 KAÇMAZ FİYAT,1549000.0,3,110,4,0
 RELAX'TAN ETLİK'TE 1.KAT 3+1 BAĞIMSIZ 125M2 SÜPER KONUM FIRSAT !,2595000.0,3,135,4,1
 YÜKSELTEPE'DE ARA KATTA 130 M2 FULL YAPILI 3+1 SATILIK DAİRE,2790000.0,3,130,4,2
 KEÇİÖREN AYVALI MAHALLESİNDE 3+1 FULL YAPILI FIRSAT DAİRE,2900000.0,3,120,4,1
 AKİF'ten AYYILDIZ'da 3+1 SİTE İÇİ ÇARŞI YANI AHİMESUT BULVARI YA...,2100000.0,3,110,2,4
Yenikent Necip Fazıl Bulvarın da Yol Cepheli ara katta 3+1 Satılı...,1995000.0,3,130,8,1
 GÖLBAŞI MERKEZİNDE / EYMİR MAHALLESİNDE FULL YAPILI 3+1 ,3000000.0,3,125,3,0
 CİHANDAN KARAHÖYÜK CAD ÜZERİ FULL YAPILI MANZARALI BOL GÜNEŞ 4+1,4100000.0,4,180,9,10
" ALTINDAĞ - KARAPÜRÇEK MAHALLESİNDE ASANSÖRLÜ, 2+1 SATILIK DAİRE ...",1275000.0,2,100,0,0
 Pınarbaşı Mahallesinde 4+1 Giyinme odalı Daire,3500000.0,4,175,8,6
BEY GROUP'DAN KEÇİÖREN HİSAR'DA 3+1 135 m2 FULL YAPILI MASRAFSIZ ...,2370000.0,3,145,4,2
 ATALAY EMLAKTAN ATAPARKTA MERKEZDE KATTA MASRAFSIZ DAİRE,2589000.0,3,130,4,4
 DOĞANOĞLUN'DAN SİTE İÇERSİNDE ULTRA LÜX 4+1 FIRSAT DAİRELER,5300000.0,4,225,3,1
 SERDAR EMLAK TAN 4 + 1 2. KAT GENİŞ GİYİNME ODALI YAPILI SİTE İÇ...,4490000.0,4,185,7,2
EPA'dan SARAYCIK MH. TOKİ SATILIK 3+1 123m² KATTA MANZARALI,2500000.0,3,123,8,7
EPA'dan SARAYCIK MH. TOKİ BLOKLARI SATILIK 2+1 97m² TAPULU DAİRE,1850000.0,2,97,8,0
EPA'dan SARAYCIK MAH. TOKİ'de SATILIK BOŞ 2+1 KÖŞE DAİRE,2275000.0,2,98,8,3
KIZILCAŞAR MAHALLESİ'NDE SATILIK 1+1 EMSALSİZ DAİRE,3350000.0,1,80,3,0
 YENİKENT KREDİ LİMİTSİZ MERKEZİ KONUMDA ACİL SATILIK ,1870000.0,3,135,8,4
 İNCİRLİ TAM MERKEZ İNCİRLİ LİSESİ YAKIN 3+1 FULL YAPILI BALKONLU,1349000.0,3,115,4,1
 MÇ EMLAKTAN FUL YAPILI 2+1 SATILIK BAHÇE KATI DAİRE,1266000.0,2,95,8,0
 MEHMET ÖZDEMİR 'DEN MENDERES MAH. 3+1 FULL YAPILI ARAKAT DAİRESİ,2750000.0,3,140,8,1
KEÇİÖREN YÜKSELTEPEDE  3+1 KİLERLİ SATILIK DAİRE,2199000.0,3,150,4,1
SİNCAN PİLEVNEDE DAİRE 3+1 FIRSAT DAİRESİ MANTOLAMALİ GÜNEY ,1250000.0,3,130,8,0
 YIL BİTER![İMZA]'DA DAİRE BİTMEZ! ATAPARK'DA CD.DİBİ 3+1Y.GİRİŞ!,1949000.0,3,125,4,0
 14.CADDE_ÜZERİNDE_GENİŞ_120M2_UYGUN_FIRSAT_3+1_DAİRE,2165000.0,3,120,2,2
 GLOBAL YATIRIM A.Ş. --- FIRSAT DAİRESİ - 3+1 -ÖN -ÜSTKAT-BATI CE...,1950000.0,3,120,4,2
 YENİMAHALLE MİRALAY NAZIM BEY SOKAK 4+1 DUBLEKS DAİRE,4230000.0,4,240,9,3
 MENDERES MAHALLESİ MÜKEMMEL KONUM GENİŞ 2+1 SATILIK,1748000.0,2,115,8,1
SİNCAN PINARBAŞI MAH SALON BAGIMSIZ ÖN CEPHE 12 YILLIK DAİRE,1798000.0,3,120,8,3
ÇANKAYA YILDIZEVLER'DE MUHTEŞEM YAPILI 6+2 DUBLEX,8900000.0,6,300,10,3
UNİGUE DE 1+1 EŞYALI TEMİZ EXTRALI,2250000.0,1,70,10,1
 ADA İNNCEK KONUTLARINDA SIFIR 2+1 SATILIK DAİRE,3800000.0,2,110,3,4
SİNCAN PINARBASI MAH 8 YILLIK ÖN 1ARAKAT SALON BAGIMSIZ DAİRE,2089000.0,3,120,8,1
 ANKARA KUŞCAĞIZ GİRİŞ KAT FİYATINA KATTA DAİRE KOMŞUDAN,1989000.0,3,130,4,1
PUSULADAN PINARBAŞI 3+1 BAĞIMSIZ ULTRALÜX ARAKATTA FIRSAT DAİRSİ,1839000.0,3,130,8,2
 PURSAKLAR MEHMET ZENGİN EMLAK'TAN OTOPARKLI LÜKS SİTEDE 3.KAT 4+...,3600000.0,4,190,7,3
SİNCAN AKŞEMSETTİN CADDE ÜZERİNDE FULL YAPILI 3+1 SATILIK DAİRE,1859000.0,3,130,8,4
BAHÇELİEVLERDE  AKDENİZ CADDESİNDE 2+1 2. KATTA ,2900000.0,2,100,10,2
Karapürçek te 2+1 süper daire ,1275000.0,2,90,0,0
 PURSAKLAR MEHMET ZENGİN EMLAK'TAN KAPALI OTOPARKLI LÜKS SİTEDE 1...,4900000.0,4,195,7,12
TURGUT ÖZAL MAH. VERA PARK 2 SİTESİNDE 4+1 170m² SATILIK DAİRE,4499000.0,4,170,9,12
KEÇİÖREN OVACIK LEXUS KULE'DE 285 m² 5+1 HARİKA BİR DAİRE,9550000.0,5,285,4,8
 ETLİK'DE ANA CADDE ÜZERİ MANZARALI BAĞIMSIZ KATTA YAPILI 3+1 DAİ...,2890000.0,3,140,4,3
 KARİYER'DEN A.EĞLENCE GÖBEK 19.000TL KİRACILI SIFIR EŞYALI DAİRE,2380000.0,3,120,4,0
 AYVALI CADDE ÜZERİNDE ÖN CEPHE ULTRA LÜX YAPILI KATTA 3+1 DAİRE!...,3130000.0,3,130,4,1
" ALTINDAĞ, KARAPÜRÇEK ALTIN VADİ EVLERİ 3+1 SATILIK DAİRE",3250000.0,3,180,0,5
 MAMAK BAHÇELERÜSTÜ'NDE ACİL SATILIK YENİ BİNADA İÇİ LÜKS YAPILI ...,2895000.0,4,170,5,4
 YAŞAMKENT RELAX PLUS A BLOK ARA KAT 1+1 BALKONLU SATILIK DAİRE,2950000.0,1,60,10,3
PANORA YAKINI MERKEZİ LOKASYONDA MANZARALI SATILIK 3+1 DAİRE,5800000.0,3,125,10,11
ATLANTİS YANINDA SİTEDE ARAKAT GÜNEY CEPHE SATILIK 3+1 DAİRE,3250000.0,3,145,9,2
PANORA YAKINI MERKEZİ LOKASYONDA MANZARALI SATILIK 3+1 DAİRE,5800000.0,3,125,10,11
ATLANTİS YANINDA SİTEDE ARAKAT GÜNEY CEPHE SATILIK 3+1 DAİRE,3250000.0,3,145,9,2
YÜCETEPE MAH FULL+FULL YAPILI 1+1 ARA KAT SATILIK DAİRE,2750000.0,1,80,10,1
YÜCETEPE MAH FULL+FULL YAPILI 1+1 ARA KAT SATILIK DAİRE,2750000.0,1,80,10,1
YTM EMLAK'TAN AKŞEMSETTİN MAH'DE 3+1 FULL YAPILI YÜKSEK GİRİŞTE,1749000.0,3,130,8,0
YTM EMLAK'TAN AKŞEMSETTİN MAH'DE 3+1 FULL YAPILI YÜKSEK GİRİŞTE,1749000.0,3,130,8,0
**YTM EMLAK'TAN MALAZGİRT MAH'DE 3+1 EBEVEYN BANYOLU ARA KATTA**,2390000.0,3,140,8,2
FIRSATLAR MCK'DAN BAŞLIYORR ! GİRİŞ DAİREİSİ ÖZEL TASARIM!,1849999.0,3,120,4,0
LOKASYONUN EN İYİSİ SİZLERE SUNUYOR MCK' GAYRİMENKUL ' FARKIYLA,1658999.0,3,110,4,1
2024 'GÜZEL BİR EVİM OLSUN İSTEYENLERE MCK GAYRİMENKUL FARKIYLA,2950000.0,3,130,4,3
BATTALGAZİ MAH. BOSTANCIK CADDE YANI 140m² KATTA 3+1 SIFIR DAİRE,2090000.0,3,150,0,2
SBELL'DEN EMEK'TE YENİ BİNADA ARA KATTA ÖN CEPHEDE EBEVEYN BANYOL...,6300000.0,2,110,10,2
SBELL'DEN EMEK'TE YENİ BİNADA 3 BANYOLU 4+1 TERASLI LÜKS SIFIR DU...,7900000.0,4,160,10,3
Eryaman Mahallesinde Satılık 4+1 Ultra Lüks Daire Goldkey den,4990000.0,4,185,2,19
SİTE İÇİNDE YAPILI ..3+1 SATILIK DAİRE,3200000.0,3,130,9,8
Eryaman Mahallesinde Satılık 4+1 Ultra Lüks Daire Goldkey den,4990000.0,4,185,2,19
BİRLİK MAHALLESİ 436.CADDE 2.KAT SATILIK 3+1 KUPON DAİRE........,3050000.0,3,145,10,2
KALEKIŞLADAN YAPILI SATİLIK 4+1 DUBLEKS,2750000.0,4,260,5,4
AŞIKPAŞA CADDESİ ÜSTÜ YENİ BİNADA KAT KONUMUNDA 2++,1595000.0,2,110,4,1
 ONKOLOJİ HASTANESİ YANI  URANKENT'TE SATILIK 2+1 DAİRE,2775000.0,2,90,9,7
 EMEKTE 4+1 130 M ²  SATILIK DAİRE ZAFER EMLAKTAN,3950000.0,4,130,10,0
 RÜYA EMLAKTAN KENTSELİN GÖBEĞİN DE GÜRKAN SOK KATTA 3+1 DAİRE ,2100000.0,3,115,4,3
ZİRAAT MÜHENDİSLERİ SİTESİNDE 3+1 BAKIMLI DAİRE,4300000.0,3,120,10,7
TOPRAK EMLAKTAN ANK KEÇİÖREN AKTEPE MAH DE 2+1 Y.GIRIS DAIRE,1690000.0,2,110,4,0
 RÜYA EMLAKTAN DUTKLUK METROSUNA YAKIN KATTA BAĞIMSIZ 3+1 DAİRE ,1950000.0,3,125,4,3
ATAPARK GÖBEKTE 3+1 KATTA MASRAFSIZ YÜKSEK M2 YİNE KAPUKAYA'DA,2245000.0,3,130,4,1
ATAPARK GÖBEKTE 3+1 KATTA MASRAFSIZ YÜKSEK M2 YİNE KAPUKAYA'DA,2245000.0,3,130,4,1
KUŞCAĞIZ'IN EN GÜZEL 2+1 DAİRESİ,1675000.0,2,120,4,0
AKTEPE YEŞİLTEPE MAH KAT BİR 4+1 ASANSÖRLÜ ÇİF BANYO FUL YAPILI,3350000.0,4,150,4,1
  YILMAZ GAYRİMENKULDEN KACIRILMAYACAK  2+1 ACIL FIRSAT DAIRESİ  ...,1549000.0,2,100,8,2
  YILMAZ GAYRİMENKULDEN KACIRILMAYACAK  3+1 ACIL FIRSAT DAIRESİ  ...,1259000.0,3,125,8,0
 HAKAN EMLAK'TAN AKŞEMSETTİN MAH. 3+1 GENİŞ YAPILI KUPON DAİRE!!!...,1439000.0,3,135,8,4
 KARAPÜRÇEK'TE SALI PAZARI YAKINI 3+1 130m² SATILIK SIFIR DAİRE,1750000.0,3,140,0,0
ETLİK VETERİNERLİK YANI YÜKSEK GİRİŞ 2+1 ÖN CEPHE FIRSAT DAİRESİ!...,1395000.0,2,115,4,0
AYVALI'DA KENDİNE ÖZEL BAHÇELİ 3+1 AMERİKAN MUTFAK ULTRA LÜX YAPI...,1930000.0,3,120,4,0
ALTINOVADA 3+1 KATTA SIFIR AYARINDA DAİRE ŞAH EMLAK GÜVENCESİYLE,2450000.0,3,150,7,4
"DİKMEN MALAZGİRT MAH,SİNDE KATTA 1+1 YENİ BİNADA SATILIK DAİRE",1900000.0,1,65,10,1
"DİKMEN MALAZGİRT MAH,SİNDE KATTA 1+1 YENİ BİNADA SATILIK DAİRE",1900000.0,1,65,10,1
ARCADİUM KARŞISI MERKEZİ KONUMDA OYAK 6 SİTESİNDE BOŞ DAİRE,5500000.0,3,110,10,3
BOZKIRDAN  YENİ BİNA DA ÖZEL MİMARİ YAPILI ASANSÖZRLÜ MASRAFSIZ S...,2650000.0,3,135,4,3
 EŞİYOK EMLAKTAN KARAKAYA MAHALESİN DE 4+1.KAT.3  FUL+FUL YAPILI ...,2990000.0,4,155,4,4
 ENGİN EMLAK'TAN SATILIK PURSAKLAR MERKEZDE ASANSÖRLÜ 3+1 DAİRE!!,2785000.0,3,125,7,1
 LEVENT'TEN GENÇ BİNADA KEKLİKPINARI'NDA DİKMEN SOSYETE PAZARI YA...,2250000.0,3,110,10,0
 OVACIK'TA LÜX YAPILI UYGUN FİYAT 3+1  SIFIR DAİRE.!,3025000.0,3,135,4,3
 BAHÇELİEVLERDE SATILIK BEŞEVLER YAKINI KAT EKSİKLİ 3+1 ADER'DEN,4650000.0,3,110,10,2
 MARQA'DAN OVACIK MEVKİ KOBLAY YAKINI 4+1 LÜX YAPILI 150m2 DAİRE!,3199000.0,4,155,4,2
 OVACIK'da BULVAR YAKINI GENİŞ ULTRA LÜX SATILIK 4+1 DAİRE !!,5500000.0,4,200,4,5
 MARQA'DAN OVACIK'DA ÇAMBAŞI CAD. SİTE İÇİNDE FULL YAPILI 3+1 !!!,4300000.0,3,150,4,11
 TANER'DEN DİKMEN NAKIŞ SOKAK'TA 3+1 ORTA KAT ÖN CEPHE SÜPER LÜKS,3575000.0,3,120,10,2
 TANER DEN DİKMEN CADDE ÜZERİNDE MANZARALI EMSALSİZ LÜKS KONUT,4550000.0,3,160,10,3
 TANER'DEN SOKULLU CADDESİ PARALELİ 3+1 KOMBİLİ OTOPARKLI GİRİŞ K...,2089000.0,3,110,10,0
 GOLD EMLAKTAN ÖZLEM CADDESİNDE ASANSÖRLÜ KATTA YAPILI YÜKSEK KRE...,2490000.0,3,135,4,1
 NASİP EMLAK'TAN 4+1 SİTE İÇERİSİNDE TERAS BALKONLU HESAPLI FIRSA...,3600000.0,4,180,7,1
 GOLD EMLAKTAN CADDE ÜSTÜ MERKEZİ YERDE KİRACILIĞA SON 3+1 DAİRE,1550000.0,3,125,4,0
 ACİL !! YAYLA MAHALLESİNDE İSTER YATIRIMA İSTER OTURUMA 2+1 100M...,1389000.0,2,110,4,2
YENİKENT MENDERES'DE SİTE İÇERİSİNDE 3+1 SON KAT SATILIK DAİRE ,2350000.0,3,130,8,4
YENİKENT MENDERES DE SON KATTA YOL CEPHELİ 3+1 SON KAT FIRSAT DAİ...,2100000.0,3,130,8,4
 ES-AS'TAN SARAYCIK MH 4+1 E.BANYOLU ASANSÖRLÜ SATILIK DAİRE,3950000.0,4,180,8,9
 LEVENT'TEN DİKMEN HÜRRİYET CADDESİNDE ÇETİNEMEÇ BULVARI YAKINI 2...,2250000.0,2,115,10,0
SİNCAN SARAYCIK MH3+1 ARA KATA BAĞIMSIZ ÖNCEPHE FUL YAPILI DAİRE,2869000.0,3,130,8,1
 Ankara Polatlı Şentepe Mahallesi 4+1 ve 3+1 Satılık Sıfır Dairel...,2750000.0,4,160,6,3
 Ankara Polatlı Kurtuluş Mahallesi Arakat 3+1 Satılık Daire,1850000.0,3,135,6,2
 ^^CADDE EMLAK'TAN GİRİŞ KATTA YAPILI 3+1 SATILIK DAİRE^^,1639000.0,3,120,8,0
 SİNCAN SARAYCIK MAH DE GEL GÖR AL MEGA LÜX YAPILI  0 BİNA ASANSÖ...,3950000.0,4,165,8,9
 KIZILAYIN MERKEZİNDE CADDE ÜZERİNDE 3+1 DAİRE SATIŞTA KAÇIRMAYIN,3850000.0,3,140,10,4
 ANKALİFE'TAN AKTAŞ TOKİDE YATIRIMLIK SATILIK 3+1 DAİRE,1777000.0,3,120,0,5
" ŞEN EVLER SİTESİ'NDE 4+1 BAKIMLI, GENİŞ SATILIK DAİRE",6750000.0,4,220,9,4
 ÜNSAL'DAN | SÜVARİ MAH.'DE | 3+1 | FUL+FUL | ÖN CEPHE | İSKANLI,2295000.0,3,125,2,1
 SR EMLAK'TAN SİNCAN ERTUĞRUL GAZİ MAH'DE 3+1 110m² BAĞIMSIZ YAPI...,2099000.0,3,115,8,0
 SR EMLAK'TAN SİNCAN MAREŞAL ÇAKMAK MAH'DE 3+1 125 m² ÖN CEPHE MA...,1630000.0,3,130,8,0
 SR EMLAK'TAN ANDİÇEN MAH'DE 4+1 220 m² BAĞIMSIZ ÖN CEPHE ULAŞIMA...,2000000.0,4,225,8,4
 ZİYA GÖKALP CADDESİNE YAKIN ARA KATTA 4+1 DAİRE SATIŞTA,3720000.0,4,140,10,2
 PURSAKLAR MEHMET ZENGİN EMLAK'TAN 5.KAT 3+1 MANZARALI GUYGUN FİY...,3750000.0,3,165,7,5
 PURSAKLAR MEHMET ZENGİN EMLAK'TAN 3+1 1.KAT FATİH MAH. FUL YAPIL...,3050000.0,3,125,7,1
 PURSAKLAR MEHMET ZENGİN EMLAK'TAN 3.KAT 3+1 İÇİ SIFIRTAN YAPILI ...,2225000.0,3,125,7,3
 ROTA GAYRİMENKUL'DEN İSTİLKAK  MAHALLESİ 2+1 SATILIK FIRSAT DAİR...,1550000.0,2,110,6,7
" LEVENT'TEN SİNAN CADDESİNE BİR BİNA MESAFEDE 3+1,120M2 ÖN CEPHE ...",3450000.0,3,120,10,3
ESAT CADDESİNDE MUHTEŞEM KONUMDA SATILIK DAİRE,3350000.0,2,125,10,5
 EMEKTE SATILIK LÜKS 2+1 MİLLİ KÜTÜPHANE YAKINI ADER'DEN,3000000.0,2,70,10,1
POLATLI ZAFERDE 3+1/110MK. DGAZLI ZEMİN KAT DAİRE,730000.0,3,115,6,0
SİNCAN OSMANLI MAH 3.ARAKAT ÖN CEPHE SITE İÇİNDE MASRAFSIZ DAİRE,2229000.0,3,120,8,3
TOPRAK EMLAKTAN ANK KEÇİÖREN ÇALDIRAN MAH DE 3+1 120 M2 DAIRE,1840000.0,3,130,4,3
 NASİP EMLAK'TAN SATILIK 3+1 ÇİFT BALKONLU FULL YAPILI DAİRE,2250000.0,3,130,7,3
 NASİP EMLAK SATILIK 4+1 SİTE İÇERSİNDE TERAS BALKONLU KAPALI GAR...,3250000.0,4,195,7,1
 ÇAĞLAYAN'DA MERKEZİ KONUMLU BAHÇELİ 3+1 YATIRIMLIK DAİRE!,1345000.0,3,125,5,1
SİNCAN MARAŞALÇAKMAK MAH 2.ARAKAT ÖN CEPHE SALON BAGIMSIZ DAİRE,1999000.0,3,120,8,2
312 | YUVAMPARK SİTESİNDE SATILIK SIFIR 4+1 DAİRE,8100000.0,4,210,10,2
312 | TEONA ÜMİTKÖY 'DE SATILIK 4+1 GÜNEY CEPHE DAİRE,13500000.0,4,210,10,23
 SERDAR EMLAK TAN 3 + 1 2. KAT GÜNEY DOĞU CEPHE GENİŞ MASRAFSIZ S...,1750000.0,3,125,7,2
 TIP FAKÜLTESİ CADDE ÜZERİ ASANSÖRLÜ FULL YAPILI DAİRE ,3500000.0,3,150,5,3
 CİHANDAN BARIŞTEPE MAH CADDE ÜZERİNDE 3+1 GENİŞ DAİRE,3650000.0,3,145,9,3
 TEPEBAŞI FOÇA SOK.'DA KATTA 3+1 MASRAFSIZ YATIRIMA UYGUN KAÇMAZ,1879000.0,3,120,4,3
 MESKEN'DEN 23 NİSAN MAH Y.GİRİŞ 3+1 MASRAFSIZ FIRSATT DAİREE ACİ...,1535000.0,3,110,4,0
SİNCAN ATATÜRK MAH 13 YILLIK 135M2 GENİŞ MASRAFSIZ SATILIK DAİRE,2490000.0,3,135,8,3
 ROTA GAYRİMENKUL'DEN ŞEHİTLİK MAHALLESİ 4+1 SATILIK FIRSAT DAİRE,3100000.0,4,200,6,10
YENİMAHALLE ERGAZİ MAHALLESİ ÇİFT BLOKLU SİTEDE 1+1 SATILIK REZİD...,2225000.0,1,55,9,11
 EFSANE'DEN KUŞCAĞIZDA YAPILI  SATILIK DAİRE,2289000.0,3,140,4,3
 MEHTAP'TA OKULLAR CADDESİ ÜZERİNDE 3+1 YÜKSEK GİRİŞ MASRAFSIZ SA...,1650000.0,3,105,5,3
 SYM GAYRİMENKUL'DEN  MAREŞAL ÇAKMAK MAH. ARA KATTA LÜX YAPILI 3+...,2249000.0,3,120,8,2
 AKTAŞ TOKİDE YATIRIMLIK SATILIK 3+1 DAİRE,2250000.0,3,120,0,5
 İnönü Velux Yakını Lüx Yapılı 3+1 Daire,3900000.0,3,120,9,3
 EFSANE'DEN KUŞCAĞIZ'DA FIRSAT DAİRESİ,1990000.0,3,130,4,2
 (750) ÇAVDEMDEN KUŞÇAĞIZDA KAT KONUMUNDA ALTINDA DAİRE OLAN FIRS...,1349000.0,3,120,4,2
⫷CERENÜNLÜ⫸EGE MAH SİTEDE ULTRALÜX 3+1 SATILIK DAİRE,4270000.0,3,155,5,2
 (749) ÇAVDEMDEN KÖŞK MAHALLESİNDE UYGUN FİYATA YAPILI 2+1 BOŞ DA...,1050000.0,2,90,4,1
 RELAX'TAN G.T.S. CAD. ÜZERİ BAĞIMSIZ 3+1 ANKARA MANZARALI FIRSAT,2890000.0,3,130,4,3
YENİMAHALLE YENİBATI BATI YILDIZI KONUTLARINDA 4+1 FULL DONATILI ...,5750000.0,4,190,9,8
 RELAX'TAN Y.AYVALI'DA HER BÜTÇEYE UYGUN SIFIR DAİRELER SİZLERLE!,3099000.0,3,135,4,1
TERAS 4+2 DAİRE,6500000.0,4,300,5,14
SİNCAN ATATÜRK MH2+1 ÖNCEPHE YAPILI EŞYALI MERKEZİ KONUMLU DAİRE,1499000.0,2,110,8,0
 TÖREKENETTE SİTE İÇİ SATILIK ARAKAT 3+1 FIRSAT DAİRESİ,2799000.0,3,155,8,8
 AYVALI SEVAL CADDESİ PARALELİNDE ARA KATTA MERKEZİ KONUMDA SATIL...,2299000.0,3,135,4,1
ACİL SATILIK 3 +1 CADDE CEPHELİ ARAKAT DAİRE ,1690000.0,3,120,8,1
PEKTAŞLAR'DAN BEYAZ SEVENLERE ÖZEL !!! ARA KAT SIFIR 3+1 LÜX DAİR...,3150000.0,3,150,8,4
 KEÇİÖREN KARAKAYADA KATTA PARK KARŞISI ULTRA LÜX SIFIR 3+1 DAİRE,2550000.0,3,135,4,1
 AHİ EVRAN MH.DE 3+1 110M2BAĞIMSIZ ÖN CEPHE YAPILI ULAŞIMA DAİRE,1295000.0,3,115,8,0
 MEHMET ÖZDEMİR'DEN MUSTAFA KEMAL MAH. BALKONLU GENİŞ 2+1 SÜPER İ...,1650000.0,2,130,8,0
 EŞSİZ ŞEHİR MANZARALI ÇİFT MUTFAK & 3 BANYOLU 250m² 4+1 DUBLEKS,4899000.0,4,250,4,4
 MEHMET ÖZDEMİR'DEN MUSTAFA KEMAL MAH. 3+1 EBEVEYN BANYOLU ÇİFT B...,2299000.0,3,145,8,4
 KEÇİÖREN AYVALI' DA SATILIK 3+1 DUBLEKS DAİRE,2550000.0,3,145,4,0
 SİNCAN SELÇUKLU MH. KAT KONUMLU 3+1 GENİŞ YAPILI YÜKSEK GİRİŞ BU...,1249000.0,3,130,8,0
 *EMLAK KÜPÜ* ETİMESGUT YEŞİLOVA MAH'DE ARA KATTA SİTE İÇİNDE ASA...,2750000.0,2,95,2,2
 *EMLAK KÜPÜ* ETİMESGUT AHİ MESUT MAH'DE ARA KATTA KAPALI HAVUZA ...,4550000.0,4,200,2,3
 DİKİMEVİ CEBECİ'DE METROYA ÇOK YAKIN KISMEN YAPILI 3+1 100M2 SAT...,1650000.0,3,100,10,1
 MUTLU MAH. MUTLU CADDESİNE YAKIN FUL YAPILI 2+1 SATILIK DAİRE...,1299999.0,2,100,5,2
 ETLİK SANCAKTEPE GÖBEKTE 3.KAT KONUMUNDA ASANSÖRLÜ MASRAFSIZ 3+1,1749000.0,3,130,4,1
 ATAPARK GÖBEK'DE EŞYALI SATILIK 20BİN KİRACILI YATIRIM FIRSATI!,1449000.0,2,110,4,2
 ÜNSAL'DAN | TOPÇU MAH.'DE | 3.KAT 2+1 | ISI YALITIMLI | İSKANLI,1575000.0,2,100,2,3
 GÜNEŞEVLERDE MÜTEAHHİTTEN ÇİFT ASANSÖRLÜ SİTE DAİRELERİ (YAN YAN...,5350000.0,3,159,0,6
 KOMİSYONSUZ ÜRETİCİDEN 2ASANSÖRLÜ SİTE DAİRELERİ KOMBİLİ EMSALSİ...,4000000.0,3,160,0,1
 ÜMİTKÖY ÇAMLICA VADİ SİTESİNDE SÜPER KONUMDA 3+1 SATILIK DAİRE,5200000.0,3,150,10,4
 *** DİKMEN CADDESİ MANZARA EVLERİ MUHTEŞEM DUBLEKS ***,10865000.0,5,330,10,9
 SEVİLAY EMLAK'TAN OVACIK SİTE İÇERİSİNDE AKILLI BİNA3+1 + KİLER ...,4500000.0,3,200,4,13
 MESKEN'DEN MECİDİYE MERKEZDE 2+1 MASRAFSIZ KAÇIRILMAZ FIRSAT DAİ...,1369000.0,2,110,4,1
 *** ÖVEÇLERDE 5+1 YAPILI MUHTEŞEM DUBLEKS ****,4250000.0,5,250,10,3
 *EMLAK KÜPÜ* ETİMESGUT BAĞLICA MAH'DE 4+1 175m² ARA KATTA FULL Y...,6290000.0,4,190,2,3
 KUZEY EMLAK'TAN PURSAKLAR MERKEZDE CADDE CEPHELİ ORTA KAT DAİRE,2150000.0,3,125,7,2
GENERAL ZEKİ DOĞAN MAH 3+1 110 M2 ARA KATTA YAPILI SATILIK DAİRE ...,1500000.0,3,110,5,1
 Aşağı Eğlence Mestan Sokakta Manzaralı Yapılı 3+1,3550000.0,3,125,4,4
 ÜNSAL'DAN | AYYILDIZ'DA | SÜPER DAİRE | 4.KAT 3+1 165M2 | ÇİFT B...,4075000.0,3,145,2,4
 KUZEY'DEN YAŞAMINIZA TARZ KATACAK PROJE'DE 4+1 SATILIK DAİRE,3990000.0,4,185,7,1
 MEHMET ÖZDEMİR'DEN FEVZİ ÇAKMAK MAH. 3+1 FULL YAPILI ANKASTRELİ ...,2640000.0,3,135,8,1
 ÖNÜNDE YANINDA ESKİ BİNA PARK DİYE ÖNÜ KAPANACAK BİNALARLA YANIL...,3790000.0,3,160,0,3
 MEHTAP MAHALLESİNDE BAĞIMSIZ SALON SATILIK DAİRE ankara manzaral...,1300000.0,3,110,5,2
 ÇARŞI'DAN OVACIK'DA SİTE'DE 4+1 EBEVEYN BANYOLU YÜKSEK KAT FUL Y...,4850000.0,4,200,4,13
 KARİYER'DEN SANCAKTEPE'DE 1.KAT YENİ BİNA ASANSÖRLÜ 3+1 DAİRE!!!,2280000.0,3,120,4,1
 İNCİRLİ KİLYOS SK'TA 2+1 ISI YALITIMLI YERDEN YÜKSEK ÇİFT BALKON,1275000.0,2,105,4,3
 KUŞCAĞIZ'DA CADDE ÜZERİ BAĞIMSIZ ARA KATTA FULL YAPILI 3+1 DAİRE...,1890000.0,3,130,4,2
 ESERTEPE CADDE ÜZERİ ÖN CEPHE 120m2 UYGUN FİYATLI LÜX TASARIMLI ...,1885000.0,3,130,4,0
RW UĞURLU'DAN ÜMİTKÖY MERKEZ'DE BAHAR SİTESİ'NDE SATILIK 3+1,5700000.0,3,145,10,1
 REFİK SAYDAM CAD. YAKINI MERKEZİ KONUM 3+1 FULL YAPILI BALKONLU,1349000.0,3,110,4,1
CB PREMIUM'DAN ÖVEÇLER LİZBON CADDESİ PARALELİ SATILIK 3+1 DAİRE,4750000.0,3,142,10,3
"CB PREMIUM'DAN MASRAFSIZ,KİLERLİ SATILIK LÜX 3,5+1 DAİRE",4790000.0,3,185,9,8
 ATALAY EMLAKTAN CADDE YAKINI MASRAFSIZ DAİRE,1580000.0,2,105,4,2
 KEÇİÖREN YAYLA MAHALLESİNDE CADDE ÜZERİ 2+1 DAİRE,1580000.0,2,105,4,2
 YOK BU FİYATA BÖYLE BİR DAİRE! KANUNİ MAHALLESİNDE 5+1 KUPON DAİ...,1599000.0,5,230,4,0
ÇANKAYA ALACAATLI PARK CADDESİ 240M2 4+1 KAT'TA TEK AKILLI EŞSİZ ...,14500000.0,4,255,10,4
OSMANLI İŞ MERKEZİ YANI GÜNEY CEPHE YATIRIMA UYGUN 3+1 DAİRE,2000000.0,3,135,4,3
UFUKTEPE BAŞKENT CADDESİNDE YENİ BİNADA KİLERLİ FULL YAPILI 3+1 G...,2889000.0,3,150,4,2
acil satılık kelepir daire ,1350000.0,3,115,4,2
BAHÇELİ 1.CADDE ÜZERİNDE  2+1 GİRİŞ ÖN,2650000.0,2,70,10,0
"SATILIK, ATAKULEYE 300 METRE UZAKLIKTA, 2+1, TAKAS OLUR",1920000.0,2,85,10,0
"SATILIK, AYRANCI AHMET MİTHAT EFENDİ SOKAKTA BAHÇE KATI 2+1",1940000.0,2,100,10,0
SİNCAN İSTASYON'DA ARA KAT ÖN CEPHE 3+1 SATILIK DAİRE,1355000.0,3,115,8,1
RELAX'TAN AYVALI CADDESİNDE KAT KONUMUNDA 2+1 FULL YAPILI FIRSAT,1699000.0,2,105,4,1
UYGUN EMLAK'TAN FATİH  MAHALLESİNDE 1. KAT 3+1 FULL YAPILI,2390000.0,3,125,7,2
UYGUN EMLAK'TAN MERKEZ'DE ASANSÖRLÜ 3+1 1.KAT 3+1 120 M²,2785000.0,3,130,7,2
"MESA İKİZLER SİT,UĞURMUMCUCAD,MİGROSA50MT,4.KAT,3+1,7/24GÜVENLİK",4475000.0,3,125,10,4
GÖLBAŞI BAHÇELİEVLER'DE MERKEZİ KONUMDA 3+1 SATILIK DAİRE,5900000.0,3,140,3,2
 SATILIK 3+1 SÜPER LÜKS ANKARA MANZARALI 5.KAT YÜKSEKLİĞİNDE YÜKS...,3690000.0,3,150,4,0
KEÇİÖRENDE BOTANİK PARK MANZARALI FULL YAPILI MASRAFSIZ 3+1,2669000.0,3,145,4,3
MAMAK ÇAĞLAYAN MAH'DE ARA KAT GENİŞ KULLANIMLI 3+1 DAİRE,1950000.0,3,110,5,2
MAMAK AKŞEMSETTİN MH FULL MANZARALI GENİŞ TERAS+2 BALKON 3+1,2385000.0,3,175,5,5
 RÜYA EMLAKTAN OSMANGAZİ MH KATTA BAĞIMSIZ 3+1 DAİRE ,2150000.0,3,120,4,2
 RÜYA  EMLAK CALDIRAN MAH CADDEYE YAKINN KATTA 3+1 DAİRE,1780000.0,3,120,4,3
 RÜYA EMLAKTAN KANUNİ MH ASANSÖRLÜ KATTA 3+1 DAİRE ,2400000.0,3,130,4,4
ÇANKAYA KIRKKONAKLAR'DA Studio Plus Evleri SATILIK 1+1,2600000.0,1,70,10,0
KIRKKONAKLAR ÇAĞDAŞ YAKINI BAHÇE KATI BAHÇE ÇIKIŞLI SATILIK 3+1,2570000.0,3,125,10,0
VURAL EMLAKTAN ARA KATTA 2+1 İSKANLI YILIN SON FIRSATI 125m2,1729000.0,2,125,8,1
BAHÇELİEVLERDE TAM KAT EKSİKLİ BİNADA 3+1 BALKONLU ÜÇ CEPHELİ BOŞ...,2800000.0,3,130,10,0
" GOP BİLLUR SOKAKTA FUL YAPILI , KULLANIŞLI, ŞIK FIRSAT DAİRE",2150000.0,2,95,10,3
ANKARA PURSAKLAR SARAY CUMHURİYET MAHALLESİ SATILIK DAİRE VARDIR ...,3700000.0,4,250,7,1
Ankara Pursaklar tebbesum parkın orda 1.800.000&3.200.000🏢,1800000.0,3,125,7,1
ETİMESGUT TOPCU MH.2+1 KATTA SATİLİK DAİRE,1570000.0,2,105,2,3
 KEÇİÖRENDE 8+2 4+1 ALTI 4+1 ÜSTÜ ÇİFT GİRİŞLİ İSKANLI DUBLEKS,3990000.0,8,300,4,0
MOGAN GÖLÜNE YAKIN 3+1 KİLER + EBEVEYN BANYOLU GENİŞ DAİRE,2500000.0,3,140,3,0
1.KATTA SATILIK NORMAL AYRI MUTFAKLI 2+1 NET 80 M2 DAİRE,3150000.0,2,94,3,1
"SATILIK,ZİRVEKENT,MANOLYA'DA 3+1,PEYZAJ MANZARALI DAİRE",9500000.0,3,180,10,0
 ŞOK ŞOK ŞOK!! ESERTEPE'DE MUHTEŞEM TASARIMIYLA 3+1 FIRSAT DAİRE,1839000.0,3,135,4,0
TURYAP'TAN AKPINAR MH. DOĞA VE ŞEHİR MANZARALI TERAS KAT STLK,3075000.0,2,175,10,0
İSTASYON MAHALLESİNDE FULL YAPILI ASANSÖRLÜ DUBLEX META GM DE,2990000.0,3,140,2,3
UFUK'TAN SANATORYUM CD ÜZERİ BAĞIMSIZ BALKONLU LÜX YAPILI 3+1,1879000.0,3,120,4,0
 ETLİK ŞEHİR HASTANESİ YAKINI 7/24 GÜVENLİKLİ SİTE İÇERİSİNDE 3+1,2625000.0,3,135,9,13
Erpa dan Cebeci metro yakını,3250000.0,3,110,10,3
 MAMAKTA CADDE ÜZERİNDE SIFIR FULL YAPILI SATILIK 2.5+1 DAİRE,2850000.0,2,110,5,1
GÖZ KAMAŞTIRAN TASARIMIYLA ANA CADDEYE YÜRÜME MESAFESİNDE,2839000.0,3,145,4,1
 CADDE ÜZE4RİNDE SIFIR FULL YAPILI SATILIK 3+1 DAİRE,3950000.0,3,110,5,3
 KEÇİÖREN 19 MAYIS MH'DE YUNUSEMRE CD.YAKINI KAT KONUMUNDA 3+1 DA...,1549000.0,3,110,4,0
 IŞIL EMLAKTAN TEZKONAK SITESINDE 3+1 SATILIK DAIRE,2580000.0,3,117,2,2
 KUŞCAĞIZ MAH CAD YEAKINI 3+1 1. KAT KREDİYE UYGUN FIRSAT DAİRESİ...,1449000.0,3,130,4,1
 IŞIL EMLAKTAN ERYAMAN MAVİÇAM SİTESİNDE YAPILI 3+1 SATILIK DAİRE,2650000.0,3,130,2,0
 PURSAKLAR MEHMET ZENGİN EMLAK'TAN MERKEZDE ASANSÖRLÜ PROTOKOL YO...,2590000.0,3,125,7,2
 PURSAKLAR MEHMET ZENGİN EMLAK'TAN ASANSÖRLÜ 4.KAT 3+1 SİTE İÇİND...,2790000.0,3,145,7,4
 GAMZE EMLAK'TAN AKŞEMSETTİN'DE 3+1 MASRAFSIZ MERKEZİ KONUMA YAKI...,1619000.0,3,115,8,0
 TANER'DEN ÖVEÇLER 4.CADDE YANI 3+1+KİLER EBEVEYN BANYOLU SÜPER L...,3650000.0,3,120,10,3
 SR EMLAK'TAN ETİMESGUT OĞUZLAR MAH'DE 3+1 120m² ARA KATTA ÖN CEP...,2470000.0,3,125,2,4
 ES-AS'TAN TANDOĞAN MAHALLESİNDE 3+1 HARİKA KONUMDA SATILIK DAİRE,1450000.0,3,128,8,2
 SR EMLAK'TAN SİNCAN MAREŞAL ÇAKMAK MAH'DE 2+1 100m² BAĞIMSIZ ULA...,1289000.0,2,105,8,0
 SR EMLAK'TAN SİNCAN SELÇUKLU MAH'DE 6+1 275m² KATTA ÖN CEPHE ULA...,2200000.0,6,280,8,0
 DİKMEN KEKLİK PINARINDA SATILIK 5+1 GENİŞ TERASLI DUBLEX DAİRE,4900000.0,5,300,10,0
 BAĞLIM CAD ÜSTÜ ASANSÖRLÜ 4. KAT MASRAFSIZ FIRSAT DAİRESİ ,1649000.0,3,130,4,4
 TANER'DEN SOKULLU NİMET SOKAK'TA 3+1 SALON BAĞIMSIZ FULL YAPILI ...,2545000.0,3,115,10,0
 KOÇ-KAR GRUPTAN 2+1 MERKEZİ LOKASYONDA SIFIR DAİRE,2000000.0,2,110,7,5
YILIN SON FIRSATI ÇANKAYADA SATILIK 3+1 KENTSEL DÖNÜŞÜMDE DAİRE,2000000.0,3,120,10,2
 SİNCAN SELÇUKLU MAH'DE 3+1 ARA KATTA FULL YAPILI SATILIK DAİRE,1949000.0,3,125,8,1
 ETİMESGUT ŞEHİT OSMAN AVCI MAHALLESİ İKİ BLOKLU SİTEDE 2+1 SATIL...,3700000.0,2,110,2,11
KARAPÜRCEKTE SIFIR KAT 1 DE 3+1,2390000.0,3,130,0,1
ŞAHİNTEPE MAH YÜKSEK GİRİŞ 3+1,1498000.0,3,90,5,0
KARAPURCEK TE 1.KAT 3+1,2200000.0,3,115,0,1
BADEMLİK MAH CADDE YAKINI 3+1 1. KAT FULL+FULL FIRSAT DAİRESİ ,2649000.0,3,130,4,1
 KEÇİÖREN İNCİRLİ'DE CADDE YAKINI ISI YALITIMLI KİLERLİ BAĞIMSIZ ...,1285000.0,3,120,4,0
 MİSKET DÜZLÜKTE TREN YAKININDA ÖN CEPHEDE ASANSÖRLÜ 2+1 SATILIK ...,1745000.0,2,85,5,0
 DURALİ ALIÇ MAH. SİTE İÇERİSİNDE FUL YAPILI 3+1 SATILIK DAİRE...,2850000.0,3,150,5,3
Acil Abidinpaşa merkezde 4. kat 3+1 kullanışlı daire,1850000.0,3,110,5,4
 ALFA EMLAK'TAN MAREŞAL ÇAKMAK MAH'DE 2+1 GÖMÜSÜZ YATIRIMA UYGUN ...,1089000.0,2,100,8,0
 TANER'DEN ÖVEÇLER 4.CADDE YANI 3+1+ 2 BANYO FULL YAPILI ÖN CEPHE,3780000.0,3,135,10,1
 MİSKET DÜZLÜKTE TRENE YÜRÜME MESAFESİNDE ARA KATTA ÖN CEPHEDE 3+...,2750000.0,3,115,5,2
 BAHÇELİEVLERDE 3+1 ÖN 2.KATTA 7 DAİRELİ BİNADA KAT EKSİKLİ BOŞ,4200000.0,3,130,10,2
 KOC-KAR GRUPTAN GÜNEY CEPHEDE SATILIK DAİRE,2750000.0,3,140,7,1
 ALFA EMLAK'TAN MAREŞAL ÇAKMAK MAH'DE 2+1 BAĞIMSIZ ULAŞIMA YAKIN ...,1089000.0,2,95,8,0
 HÜREL DÜZLÜKTE SAİMEKADIN TRENE YÜRÜME MESAFESİNDE ÖN CEPHEDE FU...,1495000.0,3,110,5,0
 BATIKENT NEVADIUM'DA 1+1 FULL DONANIMLI SİTEDEN SATILIK REZİDANS,2390000.0,1,65,9,10
MEV ANKARA'DAN MANZARALI 2+1 FERAH DAİRE,1465000.0,2,80,5,0
 FERİDUNÇELİK MAHALLESİ'NDE 14. KATTA 3+1 MANZARALI DAİRE ,3525000.0,3,145,0,14
ÖZKUŞ TAN TANDOGAN MAH. YÜSEK GİRİŞ FUUL YAPILI 3+1 DAİRE,1859000.0,3,125,8,0
ÖZKUŞ TAN SARAYCIK TOKİDE Y.GİRİŞ ÖN CEPHE FUUL YAPILI 2+1 DAİRE,1850000.0,2,96,8,0
 HAVUZLUBAĞ SİTESİNDE KAPALI TERASLI DUBLEKS 4+1 SATILIK DAİRE,7650000.0,4,160,10,12
DOĞANOĞLUN'DAN SATILIK 3+1-2+1 ULTRA LÜX DAİRELER,3200000.0,2,90,3,1
 ASLAN EMLAK FARKIYLA ARA KATTA ASANSÖRLÜ SATILIK DAİRE,2100000.0,3,110,8,1
 BATTALGAZİ MAHALLESİ'NDE BOSTANCIK CADDE ÜZERİNDE KAÇMAZ FIRSAT,1800000.0,3,130,0,1
 KOÇ-KAR GRUP GAYRİMENKUL'DEN PURSAKLAR KAYMAKAMLIĞININA YAKIN KU...,4400000.0,4,200,7,12
RED'den UYGUN DAİRE ARAYANLARA İSKANLI 3+1 GİRİŞ KAT KUPON DAİRE,1470000.0,3,130,7,0
 ANKARA UYANIŞ MAHALLESİNDE KOMŞUDAN KATTA GENİŞ DAİRE !!,1849000.0,3,130,4,2
 CENGİZHAN MAH.GÜNEY CEPHE 3+1 SATILIK DAİRE...,2490000.0,3,130,5,3
SİNCAN AKŞEMSETTİN MAH. BAĞIMSIZ KÖŞE BAŞI ÖN CEPHE 3+1 FIRSAT DA...,1480000.0,3,120,8,4
 CENGİZHAN MAHALLESİNDE FULL YAPILI ÇİFT BALKONLU SATILIK DAİRE,2000000.0,3,125,5,1
SİNCAN PINARBAŞI MAH 3+1 KATTA BAĞIMSIZ ÖN CEPHE MASRAFSIZ DAİRE,1849000.0,3,125,8,2
 * BAĞLICA EMLAK AVANTAJ * 3+1 SATILIK ARA KATTA YAPILI DAİRE,4500000.0,3,190,2,6
 MEHTAP'TA ASIM GÜNDÜZ CADDESİ YAKININDA 2+1 GİRİŞ KATTA KİRALIK ...,1450000.0,2,100,5,0
 ALTINDAĞ - BEŞİKKAYA MAHALLESİNDE ARAÇ TAKASINA UYGUN 3+1 SATILI...,1400000.0,3,120,0,0
TOPRAK EMLAKTAN ANK KEÇİÖREN BADEMLIK MAH DE 3+1 DAİRE ,1540000.0,3,120,4,0
SİNCAN OSMANLI MAH SİTE İÇİNDE ÖN 1.ARAKAT SALON BAGIMSIZ DAİRE,2290000.0,3,120,8,1
 CENGİZHAN'IN GÖBEĞİNDE 3. KAT KONUMLU FULL YAPILI ASANSÖRLÜ,2100000.0,3,135,5,0
 BOZKIR GAYRİMENKUL'DEN AYVALI MAH.ARA KATTA FUL YAPILI İSKANLI 3...,2849000.0,3,135,4,2
"3+1 SATILIK DAİRE BOZKUŞ EMLAK,DAN",2050000.0,3,125,7,2
YESİLOGLU EMLAKTAN YENİMAHALLE MERKEZDE  BAKIMLI  4+1 DUBLEKS DAİ...,3250000.0,4,180,9,3
 ETLİKTE GÜNEY CEPHE MANZARALI YÜKSEK GİRİŞ 2+1 DAİRE__,1750000.0,2,105,4,0
SİNCAN PINARBAŞI MAH 2.ORTAKAT GENİŞ MASRAFSIZ 3+1 SATILIK DAİRE,1559000.0,3,120,8,2
Alimert emlak dan Esertepe merkezde 3+1 asansörlü daire,2095000.0,3,130,4,1
AYVALI MERKEZDE ALTINDA DAİRE OLAN YAPILI UYGUN FİYATA 3+1 DAİRE,1515000.0,3,135,4,2
"GOLD EMLAK'TAN ETLİK MERKEZ, SAUNALI,YERDEN ISITMALI 3,5+1 DAİRE",3950000.0,3,170,4,2
 İNCİRLİ'DE MERKEZİ KONUMDA KATTA BAĞIMSIZ 3 BALKONLU ASANSÖRLÜ 3...,2330000.0,3,130,4,3
SİNCAN İSTASYON MAH GENİŞ MASRAFSIZ AYIN FIRSAT DAİRESİ SATILIK,1335000.0,3,120,8,0
 TANDOĞAN MAH. HAKAN EMLAK'TAN 3+1 DAİRE ,1600000.0,3,120,8,2
▆▇█▓ZİRVE▓█▇▆G. ZEKİ DOĞAN MAH. SAAT KULESİ YAKINI 2+1 Y. GİRİŞ,1479000.0,2,110,5,0
▆▇█▓ZİRVE▓█▇▆ZİRVEKENT'İN EN TUTULAN BÖLGESİ YATIRIMLIK 2+1 DA..,949000.0,2,95,5,1
 KEÇİÖREN BADEMLİKTE ASANSÖRLÜ DAİRE ACİL SATILIK 2+1 KATTA ASANS...,1590000.0,2,95,4,1
" ALTINDAĞ - BATTALGAZİ MAHALLESİNDE GİRİŞTE, ASANSÖRLÜ 3+1 SATILI...",1180000.0,3,110,0,0
 ADARYA'DAN AKŞEMSETTİN MAH. GENİŞ BALKONLU BAGIMSIZ SALON SİTE İ...,1990000.0,3,125,8,1
 ŞEHİTKUBİLAY MAH.ESTERON CADDE YANI BAGIMSIZ KATTA KÖK TAPU 3+1,2300000.0,3,120,9,2
 ÇANKAYA ALOHA RESİDENCE DA 240 M2 4+1 GARAJLI ASANSÖRLÜ DAİRE ,14750000.0,4,245,10,2
 Etlik Şehir Hastanelerine Yakın Çift Giriş Full Yapılı 5+1 Duble...,3100000.0,5,230,9,0
 PURSAKLAR UFUK KILIÇ EMLAK'TAN SİTE İÇERİSİNDE 3+1 FUL YAPILI DA...,2820000.0,3,130,7,4
 Sev-al EmlakDan Bademlik Ziraat Bankası Yakını Kat Konumunda,1369000.0,2,110,4,2
 UFUK KILIÇ EMLAK'TAN SİTEDE KAPALI GARAJLI 4+1 SİTE DAİRESİ,4120000.0,4,200,7,12
 PURSAKLAR UFUK KILIÇ EMLAK'TAN SİTEDE G.ODALI ÇİFT BANYOLU GENİŞ...,3295000.0,4,170,7,9
 ES-AS'TAN MALAZGİRT MH 3+1 FULL YAPILI HARİKA KONUMDA KELEPİR SA...,1359000.0,3,120,8,0
 ETİMESGUT YAVUZ SELİM MAHALLESİ ARA KATTA 3+1 SATILIK DAİRE,3750000.0,3,140,2,2
 HÜREL MAH. GENİŞ TERASLI MANZARALI KAPALI OTOPARKLI 3+1 DAİRE,1650000.0,3,120,5,2
 KEÇİÖRENDE PARK MANZARALI 3+1 SATILIK DAİRE,2100000.0,3,125,4,3
 ETİMESGUT PİYADE MAH.  3+1 1. KAT YAPILI DAİRE,2399000.0,3,110,2,1
 MEHMET ÖZDEMİR 'DEN FEVZİ ÇAKMAK MAH. 3+1 ARA KATTA SIFIR DAİRE,2349000.0,3,135,8,2
 MEHMET ÖZDEMİR'DEN YENIKENT SEMBOL KENT SITESI 4+1 EŞYALI 5 KAT,3950000.0,4,185,8,5
 MEHMET ÖZDEMİR'DEN MUSTAFA KEMAL MAH. 3+1 EVEBEYN BANYOLU ÜST KA...,2850000.0,3,135,8,4
AKTİF EMLAK.TAN SATILIK MALAZGİRT MAH. 3+1 FUL YAPILI MASRAFSI,1600000.0,3,130,8,3
AKTİF EMLAK,2199000.0,3,140,8,3
PINARBAŞI MAHALESİNDE YENİ BİNA DA 2+1 FUL YAPILI YÜKSEK GİRİŞ,1479000.0,2,120,8,0
SARAY MERKEZDE ASANSÖRLÜ BİNADA ARAKAT 3+1 GENİŞ FERAH MASRAFSIZ,2100000.0,3,130,7,3
KUZENLER EMLAK'TAN█DEVLET HASTANESİ YANINDA 7.KAT GÜNEY LÜX 4+1,4350000.0,4,190,7,7
"OVACIK YOZGAL BULVARDA 3,5+1 ULTRA LÜKS DAİRE",5000000.0,3,130,4,3
 ES-AS'TAN MALAZGİRT MH 3+1 GÖMÜSÜZ BAHÇE KATI SATILIK DAİRE,1259000.0,3,120,8,0
 ARCADİUM KARŞISI MERKEZİ KONUMDA OYAK 6 SİTESİNDE BOŞ DAİRE,5500000.0,3,110,10,3
 SİNCAN PINARBAŞI MAHALLESİNDE YAPILI 3+1 SALON BAĞIMSIZ ÖN CEPHE...,1797000.0,3,125,8,2
 *** HUZUR PAZAR ÇAPRAZDA ASANSÖRLÜ 3+1 DAİRE ***,2680000.0,3,125,10,4
 NASİP EMLAK'TAN 3+1 ASANSÖRLÜ 7. KATTA FULL YAPILI DAİRE,2200000.0,3,130,7,7
 NASİP EMLAK'TAN SATILIK 2+1 AYYILDIZ MAHALLESİNDE FULL YAPILI KA...,1550000.0,2,75,7,1
 NASİP EMLAK'TAN 4+1 HASTANE BÖLGESİNDE TERAS BALKONLU GİYİNME OD...,4085000.0,4,185,7,6
"Etlik,te şehir hastanesi yakını lüks yapılı bağımsız katta 3+1",2589000.0,3,125,4,1
 CADDE VE KAT KONUMLU DAİRE ARAYANLARA [İMZA]'DAN ATAPARK'DA YAPI...,1349000.0,2,110,4,1
 MESKEN'DEN AYAZAĞA CAD. 4+1 ÇİFT BANYO&BALKON KATTA TEK DAİRE!!,4750000.0,4,155,4,1
 [İMZA]'DAN BU FİYATA SON DAİRELER! ATAPARK'DA 3+1 [YENİ BİNA FIR...,1529000.0,3,115,4,0
" MAMAK - EKİN MAHALLESİNDE KREDİYE UYGUN, ANKARA MANZARALI 3+1 SA...",1600000.0,3,120,5,6
 SİNCAN PLEVNE MAH. KREDİ LİMİTSİZ ÇOK GENİŞ ARA KAT 3+1 FIRSAT D...,1379000.0,3,130,8,0
 GAZİNO GÖBEK YAKINI 2+1 FULL YAPILI ISI YALITIMLI HARİKA KONUM,1395000.0,2,100,4,1
 SİNCAN İSTASYON MAH. KREDİ LİMİTSİZ ARA KAT ÖN CEPHE 3+1 FIRSAT ...,1355000.0,3,120,8,1
 SİTE KONSEPTİ-KAPALI OTOPARK-KALİTELİ YAPI MALZEMESİ-ŞIK TASARIM,3490000.0,3,130,4,2
 *EMLAK KÜPÜ* BAĞLICA MAH'DE HAYRAN BIRAKAN YAPISIYLA ULTRA LÜX 4...,6000000.0,4,175,2,3
ÇINAR'DAN YENİKENT FEVZİ ÇAKMAK MAHALLESİNDE 3+1 UYGUN DAİRE,1700000.0,3,135,8,3
ÇINAR'DAN MUSTAFA KEMAL MAHALLESİNDE YÜKSEK GİRİŞ SIFIR DAİRE,1699000.0,3,110,8,0
 ETİMESGUT AYYILDIZ MAH'DE YARISI PEŞİN YARISI 24 AY 0 FAİZ ORANI...,6000000.0,4,190,2,2
 HAS GAYRIMENKULDEN  2+1 GİRİŞ KAT DAİRER ,1650000.0,2,120,7,0
TROY'DAN MÜHYE VADİ KONUTLARINDA SATILIK FIRSAT DAİRE!!!,4680000.0,3,120,10,3
köşe başi cadde üzeri Yenikent ,2199000.0,3,135,8,2
 DURALİALIÇ MAHALLESİNDE 3+1 FULL YAPILI SATILIK DAİRE,2125000.0,3,145,5,2
SİNCAN AHİ EVRAN MAH 3+1 BAĞIMSIZ FULL YAPILI SİTE İÇİ DAİRE,1295000.0,3,120,8,0
BARUT EMLAKTAN E. BANYOLU 3 CEPHELİ LÜKS DİZAYN 3+1 DAİRE 1. KAT,2849000.0,3,130,7,1
"BARUT'TAN PROTOKOL YAKINI YENİ BİNADA 3+1 GİRİŞ DAİRE ""FIRSAT""",1790000.0,3,125,7,0
BARUT'TAN AYYILDIZDA ASANSÖRLÜ E. BANYOLU KİLER ARAKAT 3+1 DAİRE,2490000.0,3,130,7,2
 PAMUKLAR MAH 4BLOKLU GÜVENLİKLİ SİTEDE 3+1 GİYİNME ODALI ÇİFT BA...,4150000.0,3,185,9,13
 HAKAN EMLAK'TAN YEŞİLOVA MAHALLESİNDE ARA KAT 135 M2 DAİRE!!!!!,3339000.0,3,135,2,2
ONUR GENÇ GAYRİMENKUL'DEN MANZARALI KİLERLİ YEMEK BÖLÜMLÜ 4+1 DUB...,2399000.0,4,185,0,3
ONUR GENÇ GAYRİMENKUL'DEN ARA KAT ASANSÖRLÜ FULL YAPILI 3+1 SATIL...,1799000.0,3,129,0,2
ONUR GENÇ GAYRİMENKUL'DEN KARAPÜRÇEK STADYUM MEVKİ 2+1 GİRİŞ,1480000.0,2,115,0,0
HÜSEYİNGAZİ GÖBEK'TE KAÇIRILMAYACAK FIRSAT DAİRESİ ,1820000.0,3,130,5,1
 SİNCAN PLEVNEDE ARAKATTA BAĞIMSIZ BU FİYATA EŞİ BENZERİ YOK,1495000.0,3,125,8,1
 MESKEN'DEN AKTEPE MERKEZDE ARA KATTA 3+1 MASRAFSIZ KUPON DAİRE!!,1895000.0,3,130,4,2
Temelli Cumhuriyet Mahallesi Satılık Sıfır 3+1 Daire,2589000.0,3,160,8,1
Sincan Yenikent'de 3+1 Masrafsız Satılık Daire,1950000.0,3,105,8,4
 BAĞLUM'DA SİTE KONSEPTİNDE ULTRA LÜX YAPILI ÖN CEPHE KATTA 3+1 D...,3100000.0,3,145,4,1
 SANCAKTEPE'de ÖN CEPHE BAĞIMSIZ KATTA 120m2 YAPILI 3+1 DAİRE!!!,2699000.0,3,125,4,1
 EFSANE'DEN ETLİK'TE FIRSAT DAİRESİ ,1689000.0,3,120,4,0
 MARQA'DAN YILIN SON FIRSATI 3+1 BAĞIMSIZ ETLİK'DE Y.GİRİŞ 115m2!,1285000.0,3,120,4,0
 LEVENT'TEN DİKMEN KEKLİKPINARI'NDA MANZARALI 5+1+2 BANYO + KİLER...,4500000.0,5,310,10,3
 ꧁꧂EMRE EMLAKTAN꧁꧂PİYADE'DE ARAKATTA FULL+FULL YAPILI 3+1 SATILIK...,2370000.0,3,125,2,2
GELİN ANTARES & ŞEHİR HAST. KOMŞU OLALIM ! 3+1 130m2 ARA KATTA!,4100000.0,3,135,4,1
 LEVENT'TEN ÇANKAYA MÜHYE VADİ KONUTLARI'NDA 3+1+2 BANYO + ÇAMAŞI...,5000000.0,3,120,10,7
 KÜÇÜKKAYAŞ'DA 3+1 CADDE ÜZERİ YAPILI YATIRIMLIK DAİRE!,1425000.0,3,120,5,3
^^^FSM EMLAK ^^^DAN FULL+FULL YAPILI 4+1 DAİRE,2600000.0,4,145,8,1
 ALACAATLI ALACAPARK 4+1 HOBİ BAHÇELİ GÜVENLİKLİ FIRSAT DAİRE,7450000.0,4,210,10,2
" MAMAK, NATA VEGA AVMYE 2 DK. MESAFEDE 3+1 SIFIR SATILIK DAİRELER",4250000.0,3,130,5,6
 GENÇ BİNA İNCİRLİ MERKEZ'DE BAĞIMSIZ ÖN GÜNEY CEPHE FULL YAPILI!,1750000.0,2,115,4,0
 YUNUS EMRE CAD YAKINI KAT KONUMLU CEPHESİ AÇIK 3+1 1 BAĞIMLI ,1549000.0,3,120,4,0
 ÇALDAĞI SOKAKTA BAĞIMSIZ SALON Y.GİRİŞ ÖN CEPHE BALKONLU,1435000.0,2,115,4,0
TERCİH'TEN TANDOĞAN MAH'DE ULTRA LÜX FULL YAPILI 3+1 DAİRE,1859000.0,3,120,8,1
NEVADİUM KONUTLARINDA EŞYALI SATILIK 1+1,2300000.0,1,55,9,5
"HİGH HİLL İNCEK-GÖLBAŞI, YENİ SİTEDE SATILIK 4,5+1 DAİRE",12950000.0,4,215,3,15
ALPEREN GAYRİMENKUL'DEN ÖĞRETMENLER SİTESİ'NDE 3+1 SATILIK DAİRE,2450000.0,3,120,3,3
MAMAK'TA HÜREL MAHALLESİNDE SÜPER LÜX 4+1 SIFIR DAİRE....,3650000.0,4,165,5,2
ÇANKAYA ZAFERTEPE MAH SÜPER LÜX SIFIR SATILIK DAİRELER,4300000.0,3,130,10,2
ROTA GAYRİMENKULDAN ZAFER MAHALLESİNDE SATILIK 3+1 DAİRE,1500000.0,3,125,6,0
FIRST POINT'TEN ERYAMAN ATA MAH. ULTRA LÜKS SATILIK DAİRE,3350000.0,3,150,9,2
EMLAK CENTER FEVZİ ÇAKMAK CADDE ÜZERİNDE FUUL+FUUL YAPILI,2599999.0,3,135,8,1
EMLAK CENTER FEVZİ ÇAKMAK MAH YAPILI 3+1,2399999.0,3,135,8,1
EMLAK CENTER MENDERES MAH4-5+1 FUUL+FUUL YAPILI ULTA LÜX DAİRE,3750000.0,4,180,8,2
ÖYKÜMDEN ŞENLİKTE HEM OTURUMA HEM YATIRIMA UYGUN YAPILI 3+1!!!,1780000.0,3,115,4,0
ÖYKÜMDEN BAĞLARBAŞINDA ASANSÖRLÜ CEPHELERİ AÇIK BALKONLU 2+1!!!!,1315000.0,2,110,4,1
ÖYKÜMDEN AKTEPEDE YENİ BİNADA FULL YAPILI 120 M2 ASANSÖRLÜ DAİRE,1295000.0,3,125,4,2
*** Erus *** Çankaya Park Evleri Ankara Manzaralı Katta Dubleks,14150000.0,5,508,10,17
VOLKAN SARIYILDIZ EMLAKTAN FEN LİSESİ YANI FULL YAPILI 3+1,2050000.0,3,150,7,0
VOLKAN SARIYILDIZ 2 EMLATAN 2+1 LÜX DAİRE,2130000.0,2,105,11,4
VOLKAN SARIYILDIZ 2 EMLAKTAN SIFIR DAİRE,2680000.0,3,150,11,1
ELVAN MAH.DE ARA KAT ÜÇ CEPHELİ 100 M2 3+1 SATILIK DAİRE,1895000.0,3,110,2,2
İSTASYON MAH.DE KAT YÜKSEKLİĞİNDE FULL YAPILI 3+1 SATILIK DAİRE,1639000.0,3,110,2,1
TUĞRA GYM'DEN ALSANCAK 2' MAH.DE ÖN-PARK CEPHELİ 3+1 SATILIK,2550000.0,3,120,2,1
FIRSAT DAİRESİ CADDE YAKINI MANZARALI ASANSÖRLÜ YAPILI 3+1,1975000.0,3,115,4,3
ESAT BP BENZİNLİĞİ YAKINI YAPILI EBEVEYN BANYOLU KİLERLİ 3+1,2795000.0,3,125,10,3
SANATORYUM CADDESİ YAKINI BAHÇELİ FULL YAPILI 2+1 FIRSAT DAİRESİ,1359000.0,2,95,4,1
SİNCAN PINARBAŞI MAHALLESİ FULL YAPILI 4+2 TERASLI SATILIK DAİRE,3900000.0,4,200,8,12
"KOÇ'DAN ; KARAPINAR'DA , NEZİH BÖLGEDE, CADDE YAKINI, 4+1, ASANSÖ...",4450000.0,4,185,10,3
SATILIK ÇATI DUBLEKS DAİRE ,6950000.0,4,230,2,0
 ACiL SATILIK 3+1 ARA KAT DAİRE,2160000.0,3,130,3,1
MALTEPE NİN MERKEZİNDE ASANSÖRLÜ YENİ BİNA 2+1 SATILIK DAİRE,4550000.0,2,100,10,1
ABİDİNPAŞA BAĞLARBAŞI CADDESİ ISI YALITIMLI GİRİŞ KAT 2+1DAİRE,1250000.0,2,90,5,0
ETİMESGUT SÜVARİ MAH.DE EŞYALI-EŞYASIZ SATILIK ARA KATTA 3+1,2325000.0,3,130,2,3
SİNCAN VATAN CAD.DE ULTRALUX HEM EŞYALI HEMDE EŞYASIZ 2+1 BAHÇE K...,1475000.0,2,100,8,0
MERTALP'DEN TAPULU İSKANLI FULL YAPILI,1770000.0,3,160,8,5
MERTALP'DEN TAPULU İSKANLI FULL YAPILI,1775000.0,3,150,8,4
ALACAATLI YAŞAMKENT AKYILDIZ PRESTİJDE 2+1 YATIRIMLIK DAİRE,3550000.0,2,75,10,7
YAŞAMKENT ALACAATLI PARK ALYANS SİTESİ 2+1 BAĞIMSIZ MUTFAK DAİRE,6800000.0,2,130,10,6
 RÜYA EMLAKTAN KENTSELİN GÖBEĞIN DE KATTA 3+1 DAİRE ,2175000.0,3,120,4,1
 RÜYA EMLAKTAN ADNANMENDERES MH  KAT KONUMUN DA  BAĞIMSIZ 3+1 DAİ...,1999000.0,3,110,4,0
RÜYA EMLAKTAN  YATIRIMA UYGUN KAT KONUMUN DA 3+1  DAİRE ,1980000.0,3,110,4,1
MUHTESEM LOKASYON -686 ETAP BOŞ DAİRE HEMEN OTUR - 3+1 - 3. KAT,3199000.0,3,167,0,3
MUHTESEM MANZARA MUHTESEM LOKASYON 4+1 BOS HEMEN OTUR 160 M2,2279000.0,4,160,4,14
GANKA EMLAKTAN TOKİ 18.ETAPTA KAT KONUMUNDA YÜKSEK GİRİŞ 3+1,1725000.0,3,100,4,0
GANKA EMLAKTAN KUZEY ANKARA TOKİ 1.ETAPTA MANZARALI YAPILI 4+1,2595000.0,4,165,4,13
 ALİBEY'DEN ETLİK MAH AŞAĞIEĞLENCE YAKINI 2+1 KATTA ACİL SATILIK ...,1850000.0,2,95,4,1
 ALİBEY'DEN YÜKSELTEPE SİTEDE  2+1 FULL YAPILI ACİL SATILIK DAİRE,2495000.0,2,95,4,12
YENİ ORAN'DA CEPHE ALTERNATİFLİ 1+1 DAİRELER,1750000.0,1,55,10,0
YENİ ORAN'DA MANZARALI 2+1 CEPHE ALTERNATİFLİ DAİRE,2250000.0,2,85,10,2
  YILMAZ GAYRİMENKULDEN KACIRILMAYACAK  3+1 ACIL FIRSAT DAIRESİ  ...,1275000.0,3,125,8,3
SAHİBİNDEN SATILIK DAİRE ,2600000.0,3,140,4,3
 PURSAKLAR UFUK KILIÇ EMLAK'TAN SİTEDE 4+1 1.KAT DAİRE,3600000.0,4,185,7,1
 PURSAKLAR UFUK KILIÇ EMLAK'TAN 3+1 FUL YAPILI KAÇIRILMAYACAK SİT...,3275000.0,3,200,7,7
 PURSAKLAR UFUK EMLAK'TAN 1.KATDA 3+1 LÜX YAPILI MASRAFSIZ DAİRE ...,2500000.0,3,135,7,1
 DOĞDU EMLAK`TAN CEDDE ÜZERİ 3+1 1 BAĞIMLI  ARA KAT,1750000.0,3,115,4,2
SAHİBİNDEN ÇAYYOLU YAŞAMKENT MERKEZ YAĞMUR SİTESİ,5500000.0,4,180,10,2
 'SIFIR' 3+1 OTURUMA HAZIR -ÖNÜ AÇIK- 2 BALKONLU -EBEVEYN BANYOLU,2550000.0,3,138,4,2
 SR EMLAK'TAN SİNCAN MUSTAFA KEMAL MAH'DE 4+1 125m² E. BANYOLU Gİ...,3250000.0,4,135,8,2
GÖKKUŞAĞI MAHALLESİNDE ŞIK BAKIMLI-KOLAY ULAŞABİLİR 3+1 DAİRE,3775000.0,3,165,10,2
 SR EMLAK'TAN SİNCAN İSTASYON MAH'DE 3+1 105m² ARA KATTA BAĞIMSIZ...,2100000.0,3,115,8,1
 KEÇİÖREN UFUKTEPE'DE TAPUDA BULUŞTURACAK FIRSAT DAİRE MCK!!!!,1568000.0,3,125,4,0
SİNCAN PLEVNE MH 3+1 ARA KATTA ÖN CEPHE FULL YAPILI FIRSAT DAİRE,1649000.0,3,120,8,1
 TUNALI HİLİMİ FİLİSTİN CADDELERİNE YAKIN SATILIK İYİ DURUMDA 3+1...,2920000.0,3,125,10,1
SİNCAN MARAŞALÇAKMAK MAH ANA CADDE ÜZERİNDE AYIN FIRSAT DAİRESİ,1090000.0,2,90,8,0
 NASİP EMLAK SATILIK 4+1 TERAS BALKONLU ÇİFT BANYOLU GİYİNME ODAL...,3800000.0,4,180,7,2
ŞENLİK MAH. KIZLARPINARI CAD. ÜZERİ KUYUBAŞI METRO YAKIN TAM KENS...,2100000.0,2,100,4,0
 NASİP EMLAK'TAN PURSAKLAR MERKEZDE GÜNEY CEPHE 5+1 DUBLEKS,3100000.0,5,260,7,0
 NASİP EMLAK'TAN FATİH MAH. GÜNEY CEPHE KATTA 3+1 DAİRE,2450000.0,3,125,7,1
 SNCAN MALAZGİRT MH. ARA KATTA ASANSÖR-EBEVEYN BANYOLU FULL YAPIL...,2899000.0,3,145,8,2
ERCAN GAYRİMENKUL DEN AHİMESUT BULVARİNDA DAİRE,1979000.0,3,120,2,3
ERCAN GAYRİMENKUL DEN SATİLİK 3+1,2000000.0,3,125,2,2
 ETLİK ŞEHİR HAST.5 DAKİKA MESAFEDE SEVAL CAD.ÜZERİ KATTA 3+1,2950000.0,3,145,9,4
 KEÇİÖRENDE SİTE İÇİNDE CADDE YANI FULL YAPILI 3+1 SATILIK DAİRE,2990000.0,3,150,4,5
 KAMiL OCAK Mh. iZCİBAŞI SK. DA FULL YAPILI GİRİŞ ÖN CEPHE BAĞIMS...,1550000.0,3,110,4,0
 FIRSAT [İMZA]'DAN KUŞCAĞIZ'DA 3+1 MANTOLAMALI [ARA KAT] DAİRE!,2089000.0,3,125,4,1
YIKILMAZ EMLAKTAN ŞENTEPE SOLDA FULL YAPILI DAİRE,2495000.0,3,135,6,3
 MİSKET'TE ANADOLU CADDESİ YAKININDA ASNASÖRLÜ 2+1 GİRİŞ KATTA SA...,1745000.0,2,90,5,2
YIKILMAZ EMLAKT'AN KURTULUŞ MAHALLESİNDE SATILIK FULL YAPILI 3+1 ...,1900000.0,3,145,6,3
sincan yenikent 29 ekim mahallesinde satılık lüks 3+1 daire,2800000.0,3,140,8,4
sincan yenikent 29 ekim mahallesinde satılık lüks 3+1 daire,2750000.0,3,135,8,1
 SON FIRSAT [İMZA]'DAN! KUŞCAĞIZ'DA CD.DİBİ LÜX YAPILI *ÖN CEPHE*...,2389000.0,3,130,4,3
 FERİDUNÇELİK MAHALLESİ'NDE KAÇIRILMAYACAK FIRSAT DAİRESİ,1448000.0,2,120,0,0
SİNCAN MALAZGİRT MAHALLESİNDE SALON BAĞIMSIZ SON KAT MASRAFSIZ CA...,1849000.0,3,135,8,3
 KEÇİÖREN UFUKTEPE FULL+FULL YAPILI ARAYANLARA FIRSAT DAİRE,2995000.0,4,145,4,2
İNCİ BULVAR SİTESİNDE YÜKSEK ŞEREFİYELİ 4+1,7800000.0,4,208,10,7
İNCİ BULVAR SİTESİNDE YÜKSEK ŞEREFİYELİ 4+1,7999000.0,4,238,10,8
 SİNCAN TANDOĞAN MAHALLESİNDE FULL YAPILI ARA KAT 3+1 SALON'1 ODA...,1699000.0,3,130,8,3
 SAHİBİNDEN SATILIK 4 KATLI DAİRE,4700000.0,3,180,1,0
 KARAPÜRÇEK MAHALLESİ'NDE KAÇIRILMAYACAK FIRSAT DAİRESİ,1690000.0,3,125,0,3
EMEKTE SATILIK YENİ BİNADA LÜKS GÜNEY DUBLEKS 3+1 KOMBİLİ ADERDE,6950000.0,3,150,10,4
 sahibinden,3000000.0,6,250,5,0
 BEŞİKKAYA MAHALLESİ'NDE EN ÜST KAT YAPILI DAİRE ,1800000.0,3,125,0,3
" LEVENT'TEN DİKMEN VADİSİ YAKINI 2+1,110M2 ARA KAT KONUMUNDA YÜKS...",1895000.0,2,110,10,0
 SİNCAN SARAYCIKTA 4+1 ULTRA LÜKS MANZARALI ÇİFT ASANSÖRLÜ SIFIR ...,3950000.0,4,160,8,9
BAĞLAR BAŞI MAH. 431 CADDE ÜZERİ BAĞIMSIZ FULL YAPILI 3+1,1350000.0,3,120,4,0
SİNCAN PINARBAŞI MH 2+1 BAĞIMSIZ ARA KATTA ÖN CEPHE YAPILI DAİRE,1759000.0,2,115,8,2
